timestamp,pm2.5,DEWP,TEMP,PRES,Iws,Is,Ir,cbwd
2011-02-03 01:48:26,43.0,19,26.365303902,1004.629629,20.65,2,2,cv
2014-05-24 09:34:45,65.0,-6,9.125075278,1017.082475,0.91,1,2,NE
2014-09-16 01:38:53,229.0,15,10.101065877,1011.911968,12.22,11,4,NW
2010-12-29 04:00:07,129.0,-10,-2.955914075,1017.934167,54.65,7,8,cv
2012-03-27 14:35:52,129.0,-3,0.753083828,1033.182831,20.23,3,3,SE
2011-11-05 22:20:44,177.0,4,10.060814975,1014.387987,2.77,4,5,cv
2014-05-18 00:43:27,16.0,-1,4.450237825,1031.381373,2.45,8,1,NE
2011-06-03 19:17:37,34.0,24,31.312194395449996,1002.19074,35.39,2,6,SE
2013-04-11 06:33:15,66.0,-18,5.865616559,1031.530966,9.75,1,1,NW
2010-06-21 20:50:38,251.0,-8,-0.164744321,1021.696096,9.46,15,6,cv
2011-06-11 08:35:49,17.0,2,13.246253227,1010.346654,6.55,2,0,NE
2010-09-11 07:46:45,7.0,0,14.91048716,1012.952632,5.18,1,14,NW
2012-03-10 21:00:00,22.0,14,18.256071211,1010.871588,4.01,1,11,NE
2010-09-21 16:19:27,2.0,-11,-6.6063598763,1033.089422,96.56899999999992,2,0,cv
2010-01-05 22:34:47,100.0,14,9.583821823,1015.701381,1.02,4,13,SE
2014-09-11 02:22:58,87.0,-21,-0.194757276,1030.015766,68.68,1,4,NW
2010-06-28 08:17:29,127.0,0,18.004386629,1012.904707,96.56899999999992,10,6,SE
2010-12-24 20:46:57,5.0,-22,3.032792777,1019.72703,2.74,2,2,NE
2010-01-31 05:18:10,61.0,-4,4.195957611,1024.545347,12.48,7,3,NW
2010-03-02 19:03:50,149.0,24,31.312194395449996,1000.06287105,2.11,2,12,cv
2012-10-17 08:14:51,145.0,24,31.312194395449996,1000.06287105,24.39,7,9,SE
2010-01-23 12:06:45,175.0,3,13.907682369,1017.817607,16.39,10,5,cv
2010-05-19 17:57:13,165.0,-22,-6.6063598763,1033.18530255,96.56899999999992,17,2,SE
2010-08-07 02:10:14,36.0,24,24.980204705,1000.06287105,24.78,10,9,NW
2014-08-27 20:26:11,122.0,9,18.829715788,1013.709446,17.68,1,5,cv
2012-05-07 23:25:49,14.0,-5,9.041685967,1014.780963,96.56899999999992,1,8,cv
2013-01-29 23:26:37,319.0,-13,-6.6063598763,1033.18530255,0.96,11,7,SE
2010-10-09 03:17:21,70.0,3,11.77389306,1014.630829,0.9,1,2,cv
2011-09-08 14:19:16,105.0,20,23.57978838,1014.229684,8.83,6,10,NW
2014-08-15 09:09:19,91.0,6,28.77164825,1000.527601,1.17,1,5,SE
2010-08-14 21:23:01,195.0,-13,-4.600009201,1028.890507,2.22,3,0,cv
2012-10-11 11:27:17,46.0,-6,15.940837413,1024.608525,96.56899999999992,11,4,SE
2010-11-28 20:15:30,85.0,14,21.659092032,1006.215975,53.17,2,6,SE
2012-06-10 17:47:32,31.0,12,17.4142728,1005.021456,29.34,3,0,NW
2012-01-19 05:47:34,90.0,-3,10.060257455,1015.974298,5.66,2,5,cv
2010-07-31 05:41:13,59.0,13,28.569027348,1003.237476,17.3,15,7,cv
2012-09-21 02:12:12,112.0,-19,-6.6063598763,1033.18530255,22.67,17,1,cv
2011-07-16 04:56:39,26.0,-20,-0.880817535,1027.757936,17.58,16,8,cv
2012-01-11 01:02:13,23.0,5,13.138538803,1020.828155,9.66,1,9,cv
2013-05-24 00:37:05,28.0,24,31.312194395449996,1000.06287105,14.17,2,1,NW
2010-11-26 13:26:50,36.0,-13,0.721589277,1025.554173,96.56899999999992,2,4,SE
2011-01-23 14:29:20,146.0,1,16.87730604,1028.792387,5.14,2,7,cv
2013-11-27 10:46:12,238.0,12,16.139957642,1011.963883,1.08,1,3,cv
2013-06-20 17:26:50,240.0,9,16.193906232,1014.07256,7.6,3,5,NW
2011-08-13 11:15:40,48.0,24,31.312194395449996,1000.06287105,1.11,10,1,NW
2014-02-28 22:36:19,101.0,1,0.956920581,1025.969948,6.22,14,2,NE
2014-04-02 05:31:14,104.0,-10,0.009752688,1016.278931,5.09,1,8,SE
2014-09-11 04:26:24,350.0,-4,2.662347703,1030.177668,15.26,3,0,NE
2011-08-17 00:35:58,251.0,24,31.312194395449996,1000.06287105,30.56,1,0,SE
2010-02-26 00:57:08,65.0,4,22.233437111,1000.06287105,31.61,1,2,NW
2014-01-28 09:11:09,77.0,0,14.923822879,1011.853833,1.34,6,1,NW
2011-10-09 05:15:27,21.0,1,15.614586148,1013.330423,96.56899999999992,2,14,SE
2010-05-13 23:41:01,95.0,-3,0.598783629,1025.38145,4.3,2,1,NW
2011-03-03 19:54:18,101.0,-3,0.667124252,1020.648089,0.9,2,4,NE
2012-12-13 21:06:32,260.0,18,14.797212027,1004.694291,1.17,1,3,cv
2013-05-18 04:08:16,323.0,19,26.690869832,1001.087285,5.26,1,4,SE
2011-06-30 19:40:31,4.0,-22,1.292214972,1033.18530255,29.51,17,3,cv
2012-03-23 04:50:09,47.0,17,22.911703528,1008.198689,13.97,1,8,SE
2013-11-27 22:34:45,21.0,-21,-3.596131895,1018.693766,6.87,1,3,NW
2013-04-30 05:49:19,306.0,8,8.701515208,1018.254826,1.7,1,1,SE
2010-10-10 22:11:04,267.0,18,26.971295079,1006.905642,0.92,1,1,SE
2013-08-28 23:36:37,54.0,-16,-1.085829349,1029.419142,3.33,3,7,cv
2010-02-09 17:42:41,71.0,-7,7.373567443,1017.181067,8.48,16,2,cv
2013-07-28 07:19:40,39.0,2,21.549749041,1020.295577,51.43,11,8,SE
2013-11-17 18:32:44,64.0,-15,-1.232775557,1016.899801,14.8,1,5,NW
2010-04-22 17:28:24,29.0,-8,2.027932664,1015.998471,96.56899999999992,15,5,NW
2010-01-28 18:29:14,87.0,16,19.740652676,1014.26342,0.9,3,1,cv
2010-09-14 16:11:30,104.0,-6,3.257023422,1019.69575,4.87,4,10,SE
2014-10-22 06:50:27,12.0,0,15.903207568,1014.665204,96.56899999999992,3,11,NW
2010-11-22 14:53:24,34.0,24,31.312194395449996,1000.06287105,0.9,1,4,NW
2011-12-26 15:21:13,59.0,12,19.746065345,1006.579373,1.53,17,11,SE
2011-06-26 04:17:36,82.0,-8,-5.658463242,1024.233806,4.75,4,6,NE
2013-10-26 19:21:20,37.0,8,7.986480153,1010.77949,74.12,1,9,NW
2010-05-16 07:29:35,134.0,14,9.207388064,1009.402075,11.27,2,9,NW
2011-10-17 03:45:46,104.0,21,25.42097587,1005.324745,22.67,2,8,SE
2010-04-22 01:20:23,66.0,2,4.955273047,1016.295745,1.45,14,6,cv
2012-02-22 12:26:29,66.0,-7,17.371206899,1012.377177,28.11,5,1,cv
2014-11-10 23:58:44,1.0,-14,20.210997411,1019.247746,11.04,1,9,NW
2014-01-31 21:56:44,64.0,1,6.645317602,1026.772462,96.56899999999992,3,2,SE
2011-11-24 14:57:26,41.0,12,31.312194395449996,1001.938009,6.67,1,0,cv
2014-06-23 09:21:04,32.0,12,15.261751076,1024.86638,20.28,13,4,cv
2010-12-01 21:10:47,338.0,16,17.047073247,1010.548362,4.31,12,1,cv
2014-05-21 17:18:36,27.0,22,31.312194395449996,1002.414413,2.32,1,14,SE
2010-01-23 19:59:20,160.0,-5,-0.138085166,1023.476891,7.26,1,8,cv
2013-08-06 03:12:21,114.0,20,27.243536554,1009.711905,0.97,16,14,SE
2010-02-08 20:56:22,31.0,5,15.210086029,1014.871221,3.47,5,4,SE
2012-11-26 02:29:30,15.0,15,31.312194395449996,1015.147779,66.75,1,3,SE
2013-08-30 00:47:03,142.0,24,29.799188256,1001.122006,1.82,17,14,SE
2013-11-23 10:35:04,90.0,17,19.43565944,1012.484284,2.3,1,5,SE
2010-01-31 21:06:56,44.0,-1,9.278568054,1024.252458,0.91,1,3,NE
2014-04-03 02:21:33,281.0,14,30.12105407,1001.229554,43.72,1,3,SE
2014-09-26 12:41:25,80.0,8,21.897124575,1017.14472,2.38,1,10,SE
2012-04-05 19:24:16,130.0,-10,-1.706938369,1023.99101,5.86,8,2,NW
2012-08-08 00:58:59,60.0,21,31.121502438,1001.257225,0.9,1,4,SE
2014-11-04 07:34:21,179.0,21,10.884719738,1018.883675,0.9,7,4,NW
2013-06-24 05:14:02,56.0,22,31.312194395449996,1000.06287105,2.15,3,9,SE
2012-08-15 21:51:54,194.0,-11,-3.600440252,1019.638777,0.91,7,1,cv
2010-03-01 02:22:22,319.0,-6,0.808568012,1020.084356,3.52,2,5,SE
2012-01-11 02:22:38,104.0,23,31.312194395449996,1000.06287105,35.17,1,5,SE
2010-11-29 09:24:05,25.0,3,24.577070174,1000.342158,3.28,1,1,NE
2014-03-17 12:37:43,117.0,17,28.644727232,1006.782223,2.54,2,1,SE
2012-08-30 02:15:29,38.0,10,17.261398446,1017.651179,27.74,1,10,NW
2010-02-05 13:55:11,365.0,-3,-6.6063598763,1030.289224,9.85,11,3,SE
2014-11-17 00:13:54,53.0,8,16.516609646,1013.295152,13.96,5,6,NW
2012-07-23 13:01:19,59.0,-6,3.526487378,1019.879087,0.9,1,5,NW
2012-01-12 01:56:13,17.0,1,0.678576796,1025.327271,6.18,5,13,NE
2011-05-19 00:26:45,22.0,-8,-4.28249422,1033.18530255,30.46,9,13,NW
2014-06-20 01:28:21,73.0,5,7.259881015,1021.392935,1.23,8,5,NW
2013-09-07 10:33:44,192.0,1,12.154458777,1000.932242,4.08,2,1,SE
2014-03-08 03:16:08,32.0,-14,0.369003606,1025.879568,2.01,3,7,NW
2013-07-25 20:30:03,58.0,8,23.127322347,1020.475161,10.82,7,8,NW
2012-08-01 02:35:10,56.0,16,24.987422632,1015.056459,29.97,3,4,cv
2013-05-20 19:22:42,316.0,17,27.762554515,1009.662945,3.21,15,1,SE
2014-04-26 20:45:46,31.0,-2,24.033544133,1013.664121,74.55,2,1,SE
2013-04-21 06:58:23,13.0,-18,-5.946847782,1033.18530255,11.74,5,4,NE
2013-08-20 22:27:58,79.0,-4,18.554741005,1010.957892,15.99,2,3,cv
2011-10-04 14:25:01,182.0,-20,-1.535803934,1025.150419,0.9,2,4,SE
2011-01-31 03:28:42,58.0,20,22.873508133,1000.06287105,0.93,2,3,SE
2013-11-05 03:29:26,117.0,17,24.808921042,1001.810187,1.2,5,1,SE
2014-02-15 07:23:53,35.0,24,31.312194395449996,1006.969398,1.71,2,7,SE
2012-07-01 15:49:12,212.0,15,25.752463229,1016.095103,0.92,1,0,SE
2013-01-06 16:05:15,3.0,17,31.312194395449996,1010.943103,64.74,6,7,cv
2010-11-05 05:23:39,81.0,15,25.338259176,1011.792581,0.95,1,5,NW
2013-04-14 14:42:48,332.0,7,12.282343933,1010.799897,2.95,14,12,NW
2012-06-18 04:56:39,119.0,-2,8.410584471,1010.730905,6.76,2,1,SE
2012-09-16 18:29:24,68.0,-16,-2.67422805,1027.550044,1.09,1,0,NE
2012-11-27 08:25:33,15.0,-5,13.524881394,1010.878725,74.65,1,4,cv
2011-01-20 14:04:55,105.0,-2,5.493853232,1026.539642,0.91,11,1,NE
2014-10-03 15:21:44,67.0,-8,2.290475267,1018.659752,9.45,7,0,SE
2013-05-05 08:55:09,27.0,-11,-2.040331416,1031.824023,6.7,1,10,NE
2013-12-20 06:34:36,92.0,16,21.098909489,1008.967815,5.22,6,5,SE
2012-01-13 11:02:38,12.0,16,21.058130625,1006.748996,21.34,1,2,NW
2012-08-14 16:41:51,77.0,2,10.824007741,1010.279046,30.84,1,0,SE
2011-03-09 17:34:50,163.0,1,10.329534673,1013.775487,96.56899999999992,7,3,cv
2011-09-20 04:53:51,23.0,12,31.057878001,1001.549051,77.72,17,8,SE
2010-06-09 07:17:40,18.0,19,23.315271525,1017.760025,1.64,2,14,cv
2011-12-08 13:17:06,11.0,-14,7.683414709,1031.991515,18.11,10,0,SE
2013-01-12 18:28:06,264.0,21,31.312194395449996,1001.191523,11.84,7,3,SE
2014-10-16 12:07:19,211.0,24,31.312194395449996,1000.06287105,1.63,1,0,NW
2013-06-07 07:20:21,35.0,13,20.124022893,1009.774331,12.65,1,10,NE
2010-12-12 13:50:38,114.0,10,16.93075107,1014.876687,2.57,4,4,SE
2010-03-21 11:33:54,37.0,19,21.380099057,1007.437545,6.53,1,7,NW
2014-09-19 23:09:03,255.0,9,20.652052756,1009.707251,1.56,1,2,SE
2013-10-08 08:59:54,49.0,1,16.972358529,1007.001901,1.55,3,1,SE
2012-10-27 02:37:00,36.0,0,10.549942528,1009.735064,10.27,1,4,NW
2012-12-13 20:29:30,116.0,18,24.426023259,1009.84235,7.68,1,5,NW
2013-05-07 14:24:24,133.0,1,9.546280207,1022.207934,57.53,1,4,cv
2011-10-23 03:37:35,13.0,-10,-0.737851003,1023.644371,0.91,13,2,NW
2014-04-03 01:51:10,39.0,3,14.15546682,1009.51022,5.67,14,11,SE
2010-11-08 07:16:45,149.0,-13,-5.995527203,1029.927019,0.9,3,8,NW
2012-08-02 06:39:03,75.0,7,16.152776462,1015.632109,1.88,2,2,SE
2014-10-31 00:39:03,80.0,12,16.993665797,1016.70072,23.61,4,11,NE
2011-01-29 17:10:18,251.0,-9,-6.6063598763,1033.18530255,33.87,1,8,NE
2010-01-07 16:39:38,170.0,-22,-5.384786287,1033.18530255,41.28,11,6,NW
2014-02-07 17:43:29,55.0,20,31.312194395449996,1005.191851,0.97,15,1,SE
2010-03-13 17:42:52,159.0,5,11.669459756,1009.888098,0.9,10,14,NW
2010-09-16 00:48:56,128.0,-1,12.178842776,1024.560117,1.66,2,9,NW
2011-09-25 21:49:04,39.0,20,26.849163768,1005.702929,3.11,1,2,SE
2013-03-16 14:59:37,38.0,14,15.272589319,1005.568078,1.55,10,2,NW
2014-05-28 20:25:24,139.0,4,9.845829768,1006.172415,40.15,2,13,NW
2011-12-07 20:41:32,309.0,23,23.441786964,1000.06287105,9.63,5,5,NW
2010-10-05 04:45:19,58.0,-19,3.683645359,1023.525841,4.41,3,4,cv
2012-03-26 18:44:41,78.0,1,1.165824896,1031.957384,2.5,8,14,SE
2014-10-07 18:17:50,12.0,5,21.083816165,1015.238412,2.08,13,10,SE
2012-08-05 23:48:30,14.0,-22,1.07248005,1026.831748,1.84,1,1,cv
2013-09-11 09:34:32,206.0,18,15.172305565,1000.972178,0.91,1,3,NW
2010-01-18 18:20:42,10.0,5,12.734390984,1013.821317,96.56899999999992,2,14,SE
2010-03-25 13:20:48,5.0,-11,7.487521581,1033.046623,13.24,11,14,NW
2012-07-31 08:59:04,71.0,-14,-4.333112269,1033.18530255,1.23,13,7,SE
2011-03-25 11:27:53,118.0,21,20.736911502,1009.217616,28.45,17,12,SE
2013-02-14 02:09:01,63.0,18,22.013767518,1008.725879,5.65,8,3,NW
2011-07-09 12:30:30,77.0,24,31.312194395449996,1006.112712,0.93,1,12,cv
2011-12-09 16:08:37,128.0,-14,0.647588704,1030.463251,67.5,8,6,SE
2010-02-11 03:07:35,325.0,7,-1.464223139,1018.914051,3.35,8,7,SE
2014-07-25 18:01:58,52.0,7,20.245611792,1014.414917,45.97,8,1,cv
2011-08-01 10:51:16,140.0,10,15.450246618,1022.244403,37.42,17,1,SE
2013-08-21 13:48:11,11.0,-16,-3.893713207,1020.445796,5.15,5,14,cv
2011-09-16 08:49:55,72.0,-22,-6.6063598763,1033.18530255,21.74,1,5,NW
2011-08-05 18:41:08,72.0,16,23.314559783,1011.72497,0.97,17,0,SE
2010-04-08 04:35:06,96.0,-12,0.00244516,1026.870796,5.27,6,0,cv
2014-07-25 21:50:33,62.0,4,26.308194201,1019.293319,2.69,2,3,NW
2013-09-14 04:25:47,121.0,19,22.97631378,1017.93517,0.98,1,5,SE
2012-08-01 15:34:59,68.0,13,21.297968698,1006.964472,2.63,1,1,SE
2010-10-21 12:05:30,70.0,-7,3.577027104,1027.586433,13.76,4,5,SE
2012-11-25 08:45:26,211.0,-9,0.669657044,1021.784436,1.46,16,1,NE
2013-04-21 06:33:10,152.0,10,17.986595359,1009.15442,35.98,1,8,SE
2011-05-22 17:42:26,107.0,-12,-1.838314411,1028.173701,1.36,8,2,SE
2012-01-14 05:25:36,132.0,24,31.312194395449996,1000.06287105,34.41,11,3,SE
2010-06-15 06:14:52,152.0,24,30.06007612,1000.06287105,2.25,10,2,SE
2012-10-01 17:03:17,350.0,14,18.769847059,1014.558914,3.89,3,8,NW
2011-10-03 07:24:01,66.0,-21,-2.086582666,1026.339287,9.76,2,5,NE
2011-05-13 11:40:47,64.0,1,22.104003468,1012.165094,30.49,17,1,cv
2012-03-15 12:25:24,86.0,-9,-6.6063598763,1033.18530255,1.32,17,3,NW
2010-09-11 02:22:16,193.0,10,4.134929035,1013.409181,17.38,4,7,NW
2012-03-27 11:48:16,288.0,-11,-3.971165518,1033.18530255,15.03,2,7,NW
2014-03-02 22:42:03,30.0,24,31.312194395449996,1001.674585,2.34,3,8,cv
2012-12-09 19:30:19,106.0,2,14.870468653,1022.035854,60.47,5,1,cv
2012-11-01 21:45:06,203.0,22,23.666657479,1010.396368,18.95,4,8,NE
2012-01-28 09:42:41,78.0,2,10.477984136,1013.53987,3.19,5,4,cv
2010-01-26 02:15:25,66.0,-15,9.687292138,1010.820025,33.94,6,14,SE
2013-09-08 04:17:07,584.0,8,6.298021676,1018.725915,96.56899999999992,9,2,SE
2013-02-03 17:34:47,91.0,11,17.425091837,1007.69113,13.44,2,2,SE
2011-10-20 16:30:46,274.0,3,3.145661661,1025.190785,1.85,3,2,SE
2010-02-27 12:25:23,87.0,18,19.673044213,1013.36929,32.26,5,1,NE
2011-09-29 14:35:35,89.0,-2,2.917718364,1033.18530255,7.58,6,4,SE
2010-04-12 12:13:34,102.0,8,17.290100589,1001.283321,3.9,1,9,cv
2011-09-11 20:06:30,254.0,12,11.869764317,1013.153681,4.3,1,3,SE
2014-01-19 05:55:32,189.0,24,29.99607652,1006.833708,2.29,1,7,cv
2014-10-14 06:02:18,46.0,15,19.546656561,1003.874847,1.4,4,10,cv
2013-10-21 03:59:50,86.0,-21,-0.064241692,1030.919752,0.91,1,3,NW
2011-02-18 11:50:37,20.0,5,19.965939657,1009.122541,19.35,8,4,NE
2011-01-31 14:39:27,21.0,-2,12.176135179,1017.849011,29.98,2,0,cv
2013-05-31 12:39:11,218.0,22,22.681856756,1002.744241,0.9,7,1,NW
2010-06-06 07:27:58,55.0,-7,4.825837796,1022.898335,1.5,4,2,SE
2010-01-05 16:47:51,145.0,15,13.686280799,1007.413764,4.67,4,6,NW
2013-04-13 19:26:08,114.0,-21,-6.6063598763,1019.547067,1.06,9,3,NE
2012-02-23 10:09:48,58.0,7,0.732411028,1018.825662,2.82,1,3,NW
2012-03-25 10:31:21,70.0,-20,-1.105493231,1033.18530255,17.0,5,6,SE
2014-04-12 19:16:07,103.0,11,23.655501603,1006.498753,0.9,3,3,cv
2014-08-08 03:58:44,148.0,19,20.360895877,1005.940926,2.12,15,9,SE
2010-05-17 17:43:18,39.0,3,5.223584281,1014.202916,0.9,1,5,cv
2010-07-23 11:21:57,137.0,-4,10.172508699,1019.689284,96.56899999999992,2,1,SE
2012-07-28 10:13:32,100.0,9,16.745146251,1003.331613,8.03,1,11,NW
2013-01-13 03:44:24,7.0,-7,13.497278807,1022.273391,14.06,1,0,SE
2010-06-15 19:04:02,190.0,2,9.203757639,1010.138222,4.43,1,2,SE
2010-01-28 07:45:38,188.0,-1,8.370609965,1026.641985,1.05,17,1,cv
2011-10-14 23:13:27,69.0,20,31.312194395449996,1000.06287105,1.49,1,14,SE
2011-04-10 10:26:36,12.0,-5,9.77857758,1017.113448,1.59,1,7,NW
2011-05-26 13:34:52,190.0,-14,0.463946163,1020.201456,26.03,2,5,NW
2010-06-03 13:47:10,56.0,-12,-3.916954038,1032.883583,16.32,2,2,NW
2013-04-14 03:43:22,164.0,24,28.141177736,1003.745956,0.97,17,1,cv
2011-04-11 16:31:22,51.0,24,24.918061234,1008.321734,2.96,2,5,SE
2011-11-15 03:56:08,20.0,-2,0.907329569,1025.227104,45.03,3,14,NW
2013-06-02 12:36:40,3.0,3,7.040148197,1022.710432,3.27,6,14,SE
2010-01-22 10:09:46,297.0,15,17.239221182,1006.840009,29.19,1,2,SE
2013-09-04 17:15:59,116.0,18,29.097515954,1003.908401,55.45,1,7,SE
2010-07-07 18:42:53,209.0,-12,-2.177746023,1025.812859,19.68,3,4,SE
2014-09-07 14:27:37,115.0,22,28.570662482,1007.33977,0.9,1,8,NW
2011-12-25 19:12:04,426.0,15,27.80178225,1002.872665,5.63,1,0,SE
2013-03-28 04:33:56,29.0,4,21.76494319,1010.425598,4.25,11,2,cv
2012-01-26 14:12:47,12.0,10,17.792248696,1009.993041,1.14,4,8,NW
2011-09-24 15:19:28,89.0,-1,22.239506322,1004.197442,3.88,1,2,SE
2014-11-24 18:22:15,246.0,16,23.03496768,1017.003184,5.32,1,1,SE
2011-10-26 06:54:00,27.0,-14,1.000559044,1022.956628,20.72,3,4,cv
2010-12-19 10:26:49,42.0,-14,8.165459565,1019.486764,1.95,17,1,NW
2012-01-02 13:19:36,192.0,10,11.015664304,1000.06287105,4.73,2,14,NW
2014-06-02 09:01:55,56.0,-6,18.074188664,1020.75474,59.44,4,2,NW
2013-09-01 13:30:58,22.0,-22,-6.509828921,1026.094177,10.72,7,2,cv
2014-11-06 07:54:04,251.0,23,28.582857524,1002.831713,1.06,6,1,SE
2010-09-26 19:45:09,134.0,-2,0.650184021,1019.560536,1.26,7,1,NE
2011-09-19 19:45:16,177.0,10,5.969832934,1023.527841,0.97,10,6,cv
2012-07-31 11:50:39,85.0,-6,10.525876072,1018.235996,1.63,2,1,NW
2014-04-17 18:29:36,22.0,18,31.312194395449996,1009.211757,96.56899999999992,10,2,SE
2010-11-04 15:16:25,61.0,18,9.33339937,1006.831409,44.69,1,11,NE
2011-05-27 09:31:53,79.0,-22,1.72384684,1032.891046,39.42,4,1,NW
2013-03-23 08:49:44,16.0,14,28.815283302,1018.800049,73.59,9,0,SE
2011-12-27 21:29:04,155.0,4,13.560701864,1017.876088,1.05,17,2,NW
2013-05-22 23:38:18,21.0,-12,5.747126001,1023.628282,96.56899999999992,1,2,SE
2010-11-16 01:02:34,66.0,4,10.187522004,1014.54126,3.58,3,9,SE
2013-07-18 15:46:33,303.0,19,18.40591689,1006.305,1.02,1,4,NE
2013-07-08 09:41:54,93.0,16,20.002798101,1001.278815,0.9,1,13,SE
2011-07-26 15:02:48,214.0,8,23.128644897,1010.071581,3.97,3,0,SE
2011-12-04 08:13:09,83.0,11,15.45640493,1009.772037,7.13,1,0,SE
2012-02-10 19:53:14,108.0,-11,-3.246946987,1033.18530255,10.96,2,8,NW
2011-06-27 17:56:16,50.0,10,23.976329536,1006.895564,65.69,4,6,cv
2014-06-07 01:02:51,87.0,20,22.481612276,1012.605137,10.79,2,2,NW
2011-04-28 14:30:11,125.0,8,3.266402555,1026.727321,7.62,13,4,SE
2013-11-07 13:47:47,44.0,10,17.825903053,1000.829806,3.11,2,5,NW
2013-02-27 14:55:05,25.0,-22,0.371505667,1024.242564,96.56899999999992,3,9,SE
2010-08-27 09:31:38,364.0,3,8.858471501,1018.443119,1.08,1,1,SE
2010-07-05 01:17:50,65.0,18,25.126317917,1007.753772,49.59,3,8,SE
2011-01-18 14:50:24,45.0,4,10.080170826,1016.208954,96.56899999999992,8,12,NW
2013-06-06 08:59:27,30.0,10,21.12183123,1020.702324,23.78,13,11,NW
2010-04-20 17:10:46,253.0,11,11.491092072,1010.698086,7.89,1,2,NW
2014-04-05 18:36:48,228.0,0,7.844244325,1022.091978,5.29,2,1,SE
2011-09-09 23:57:54,14.0,4,17.597319975,1004.734167,18.66,1,5,NW
2010-06-01 20:27:27,4.0,-22,-6.6063598763,1031.960696,23.9,3,5,NE
2010-11-20 10:58:25,175.0,-5,4.630857423,1022.783768,3.9,1,4,cv
2010-10-25 23:04:36,16.0,0,15.050077268,1005.865267,1.68,2,2,NW
2013-01-20 12:24:26,153.0,23,27.19149616,1003.610615,14.8,3,5,cv
2014-08-30 03:48:39,57.0,13,18.780346668,1014.922576,8.4,10,6,NW
2013-10-01 21:36:49,108.0,-7,-3.657859505,1020.775288,5.12,2,10,SE
2012-10-01 14:51:39,80.0,-16,-1.052983453,1031.959091,2.44,2,3,cv
2012-10-03 20:37:45,116.0,10,14.973330193,1006.764048,5.03,6,3,SE
2013-01-16 11:08:59,73.0,4,28.946477826,1004.37122,79.23,1,2,NW
2014-06-22 00:47:26,46.0,7,17.06066172,1015.738413,10.23,2,1,NW
2014-05-04 23:32:01,57.0,-12,9.092046453,1022.306993,22.74,5,0,SE
2010-03-18 06:04:47,191.0,3,7.901379478,1012.542641,1.57,1,0,NW
2012-03-05 09:57:50,61.0,10,15.035751387,1005.18278,96.56899999999992,1,11,NW
2011-11-25 02:46:50,12.0,10,5.686074468,1017.015185,1.14,2,8,NE
2011-11-02 06:01:38,86.0,8,20.596698762,1009.513937,0.9,14,3,SE
2010-04-11 22:20:55,192.0,5,13.547744324,1008.823897,13.17,1,3,NW
2011-12-03 19:55:35,169.0,21,7.228022523,1020.739633,0.99,3,3,NW
2012-06-27 07:20:13,34.0,-7,4.084715937,1025.90299,96.56899999999992,17,9,NE
2014-06-29 09:59:29,6.0,-10,15.811365291,1022.255402,5.89,1,4,NW
2014-07-16 08:59:04,69.0,7,12.567332759,1022.791821,46.84,9,1,cv
2013-08-28 14:25:15,47.0,7,21.261283911,1009.647369,2.73,4,0,NW
2012-07-06 10:46:35,26.0,-2,11.596034068,1021.253872,2.41,1,14,NW
2011-02-19 19:47:18,115.0,0,2.591809145,1013.751934,1.75,3,5,cv
2012-02-06 16:03:17,31.0,15,19.596005458,1005.082548,27.14,1,11,NW
2014-08-03 23:48:59,93.0,16,27.891674097,1013.967564,40.01,3,3,NW
2013-07-03 06:41:56,51.0,-5,-3.82177811,1027.166891,5.83,7,1,cv
2010-06-02 13:04:04,46.0,8,17.696377444,1015.732155,1.6,16,9,cv
2011-03-13 14:25:07,91.0,-2,6.593841928,1011.063949,0.9,17,4,NW
2012-12-02 17:11:33,124.0,-22,-6.6063598763,1032.839243,12.43,5,12,NW
2014-04-17 20:08:36,27.0,11,14.862173918,1021.12249,1.88,3,12,SE
2011-04-28 13:41:46,109.0,3,15.806429486,1010.561589,31.96,4,1,SE
2013-04-06 02:32:22,68.0,24,27.045358353,1000.06287105,2.62,1,9,cv
2011-08-01 03:14:34,28.0,7,13.273365171,1020.960517,10.46,2,3,NE
2010-12-10 21:45:15,28.0,-22,-6.6063598763,1028.129453,20.14,4,7,cv
2012-03-23 00:49:58,39.0,20,31.312194395449996,1000.06287105,61.65,1,14,cv
2012-12-07 01:51:59,64.0,-1,26.633827327,1006.323319,3.11,1,2,SE
2014-07-27 09:03:23,121.0,18,27.862712777,1009.535771,96.56899999999992,2,14,NW
2013-06-01 20:31:32,10.0,-11,14.519469522,1027.750348,1.75,1,1,cv
2012-10-18 12:43:56,210.0,8,17.551000308,1020.101885,0.94,1,14,SE
2011-05-19 03:49:22,95.0,21,28.660866397,1000.06287105,9.93,4,10,SE
2014-12-05 12:14:56,142.0,17,26.120791471,1007.553239,0.9,1,2,SE
2010-11-09 08:11:43,11.0,0,22.386806532,1010.807649,96.56899999999992,1,3,SE
2012-10-02 07:57:46,9.0,-17,2.335554359,1033.18530255,18.86,5,14,NE
2011-06-06 06:28:43,259.0,4,2.649487816,1030.097451,2.65,1,1,cv
2011-07-11 03:29:35,79.0,-7,-4.396858076,1029.89842,3.7,13,8,NW
2011-06-30 20:02:32,89.0,18,27.58222562,1003.510866,37.11,4,5,SE
2010-01-08 13:12:14,96.0,5,-4.073741518,1016.769146,5.01,4,6,SE
2014-09-27 10:25:38,124.0,-2,7.501020079,1018.701052,4.06,4,3,SE
2014-08-19 05:18:00,49.0,6,12.176710644,1014.082845,16.72,2,1,NE
2013-09-27 00:39:45,77.0,-2,-2.462369891,1028.843506,7.34,1,12,SE
2013-05-07 12:42:49,14.0,-22,9.130324533,1014.164356,51.13,12,0,NW
2014-03-24 07:33:28,121.0,-2,6.21929999,1019.654407,20.0,1,1,NW
2010-11-21 06:14:22,139.0,17,16.29226755,1007.152528,8.89,7,11,SE
2014-04-25 12:38:55,46.0,-17,3.344611279,1029.736508,2.6,10,2,NW
2014-12-07 17:01:24,132.0,24,31.312194395449996,1002.048882,1.31,1,10,NW
2014-12-05 14:48:31,174.0,13,9.69766381,1018.290893,1.07,1,5,cv
2014-12-29 16:54:38,73.0,1,8.606165653,1027.088882,3.02,1,2,SE
2014-03-11 17:45:10,4.0,-6,20.20705897,1007.498796,23.57,6,3,NE
2011-02-21 01:03:04,30.0,-10,1.540621912,1016.874799,87.62,1,1,NW
2014-12-05 18:30:44,162.0,-10,-0.869664392,1024.094095,52.21,2,1,cv
2011-06-21 21:02:43,113.0,-8,-1.332927281,1017.09244,84.89,7,5,NE
2014-12-01 16:55:52,16.0,22,31.312194395449996,1000.06287105,18.66,7,3,SE
2012-06-13 18:27:57,29.0,-3,17.471032861,1010.813721,75.77,2,2,NW
2010-10-07 16:55:22,98.0,12,13.709753321,1018.786943,0.93,12,10,cv
2013-11-13 02:18:20,118.0,24,21.593293091,1003.924157,0.99,2,3,NE
2010-09-21 00:27:46,32.0,3,4.909853186,1019.756589,72.79,6,8,NW
2010-06-25 04:46:13,68.0,-12,6.86709328,1007.638444,90.37,8,2,SE
2013-04-11 12:03:25,123.0,4,8.846540812,1017.799577,0.9,2,5,NE
2013-03-17 11:01:07,3.0,-22,-3.295924945,1026.082848,86.2,1,5,NW
2012-07-16 00:30:30,86.0,19,29.22800871,1001.055589,1.03,10,2,cv
2013-12-01 22:31:07,45.0,-14,-6.6063598763,1024.693413,2.82,4,1,SE
2010-07-07 03:36:43,98.0,-9,10.77880657,1018.23906,96.56899999999992,17,2,SE
2014-09-11 19:26:21,42.0,18,20.027487439,1021.80464,2.93,6,5,NW
2011-07-20 05:17:55,59.0,-1,12.035046626,1022.004296,12.95,3,1,cv
2010-01-13 16:07:42,126.0,24,27.706528886,1005.536978,1.96,15,6,cv
2010-05-08 18:10:14,133.0,5,21.395970344,1008.972281,0.9,1,3,cv
2012-06-21 19:54:09,111.0,-4,-4.271644219,1014.147749,1.32,1,14,NW
2013-02-02 12:01:39,116.0,12,22.352531306,1012.223954,96.56899999999992,10,1,NW
2012-10-29 16:57:21,61.0,-18,5.595203321,1016.597725,1.11,3,3,NW
2013-10-17 18:15:20,28.0,-22,0.481416129,1032.227618,72.5,6,1,SE
2012-09-24 19:50:02,48.0,14,9.831909469,1007.902295,2.07,3,3,NW
2010-10-15 21:25:36,100.0,1,9.4418346,1021.181123,1.38,17,5,NE
2012-12-18 10:22:32,4.0,-6,15.3576064,1012.257391,12.65,7,1,NW
2011-11-16 14:40:32,95.0,15,24.379410434,1007.722532,28.19,1,9,SE
2011-03-21 16:41:25,78.0,15,7.948488004,1024.53943,0.9,17,8,SE
2010-09-30 18:27:29,6.0,-10,7.466647141,1018.634484,83.55,9,8,NW
2012-09-27 21:53:20,135.0,16,27.09259698,1009.558501,2.94,6,4,NW
2012-08-05 10:31:21,54.0,-5,7.889470048,1017.989789,17.37,1,2,cv
2010-03-12 22:34:40,351.0,-3,6.631950566,1017.149928,3.67,2,3,SE
2011-06-20 00:35:15,12.0,-9,11.157955563,1027.461579,11.38,2,0,NE
2010-04-07 13:56:18,101.0,-4,3.595559115,1011.765032,0.93,1,0,NE
2012-08-25 23:25:42,4.0,-22,8.288073387,1023.80689,25.71,2,2,NW
2012-11-17 16:44:56,160.0,-7,7.737859014,1020.809694,0.9,2,0,cv
2011-08-29 10:03:10,93.0,-9,17.609235125,1021.64287,9.37,9,2,cv
2012-05-30 09:14:46,158.0,19,15.635743527,1010.238891,0.9,1,2,NW
2011-04-06 01:00:30,301.0,24,4.822839746,1018.85346,0.9,14,1,NW
2010-11-11 22:41:11,114.0,13,24.864169519,1004.807516,2.2,1,2,SE
2010-11-08 06:34:09,64.0,4,13.108958294,1022.429775,1.88,3,1,SE
2013-09-29 10:34:38,99.0,-3,5.183262175,1018.871289,2.7,1,2,SE
2010-10-17 01:54:15,240.0,-14,-4.634200863,1024.371136,6.77,1,2,SE
2010-11-07 02:27:42,114.0,6,24.018438371,1006.02086,82.55,17,2,SE
2011-02-24 11:29:11,163.0,-19,0.188802959,1017.273358,4.36,2,1,NW
2013-07-07 05:10:21,250.0,3,2.724176717,1020.822102,1.0,9,12,cv
2012-12-10 13:51:28,209.0,23,26.138066124,1002.244733,3.35,13,2,SE
2010-03-08 07:16:14,72.0,-22,-6.6063598763,1033.18530255,45.47,1,6,NW
2010-11-15 22:44:57,105.0,-20,-1.667113305,1021.365192,4.18,1,4,cv
2011-11-06 01:17:44,8.0,-22,-6.6063598763,1033.18530255,96.56899999999992,4,0,cv
2010-01-10 19:09:45,11.0,-11,4.677479501,1016.883428,29.6,3,2,NW
2012-06-08 13:30:22,218.0,8,8.085654414,1005.71578,9.93,1,3,NE
2014-06-21 23:16:13,27.0,-2,9.11365409,1016.480454,0.91,2,9,cv
2014-02-18 09:57:09,106.0,-8,-4.671945895,1023.360477,76.84,4,7,SE
2013-06-20 21:21:02,13.0,-22,-1.273965811,1024.407704,4.01,1,1,NE
2013-06-27 09:59:25,88.0,7,12.755395387,1010.890122,5.62,13,0,cv
2011-01-31 10:42:27,51.0,-3,11.655250862,1013.81226,5.46,14,0,SE
2014-11-23 09:56:41,156.0,24,31.312194395449996,1000.06287105,1.11,1,2,cv
2013-03-28 11:14:46,70.0,8,12.553036242,1021.517458,9.75,2,0,SE
2013-06-28 05:19:50,20.0,-4,18.663496804,1023.47832,4.95,12,1,SE
2010-06-05 21:10:05,154.0,17,28.405194687,1007.01405,1.18,2,2,SE
2012-07-10 01:40:01,3.0,-16,6.802248206,1030.812696,96.56899999999992,5,3,NW
2013-04-03 02:25:39,5.0,-12,5.879729325,1025.451112,1.66,1,4,NE
2010-09-20 00:21:40,37.0,-22,-6.6063598763,1029.466952,16.17,8,7,NW
2010-01-31 23:13:23,73.0,-16,-5.08309796,1026.152406,64.8,4,4,SE
2014-05-07 11:48:13,52.0,-16,-1.693498947,1029.722274,16.9,9,7,SE
2013-09-07 11:54:23,17.0,-16,-0.592204581,1023.507286,0.98,7,5,NW
2012-09-10 18:23:23,73.0,24,24.160841339,1011.850352,0.98,6,14,cv
2011-06-07 08:36:57,110.0,-5,3.132107008,1018.825438,7.25,3,8,NE
2011-06-09 14:32:46,9.0,-13,15.757249306,1016.978842,21.79,12,5,SE
2010-05-06 04:51:35,23.0,-3,14.700021736,1013.439525,44.59,9,1,NE
2013-02-23 20:01:38,56.0,14,23.15995167,1016.830489,2.33,13,10,NW
2013-09-22 11:55:33,109.0,-19,-2.443000774,1022.429177,1.15,3,8,NE
2014-03-16 11:55:30,28.0,-8,16.047228427,1023.72772,3.78,2,9,NW
2012-10-11 14:19:17,66.0,21,31.308614,1006.01413,79.56,12,9,cv
2012-02-14 21:57:28,92.0,17,17.019212491,1005.680218,3.49,9,2,cv
2011-12-03 06:44:16,22.0,11,29.050257554,1003.44214,36.57,1,7,NE
2013-12-26 12:00:18,33.0,15,23.16645761,1010.265607,26.9,2,8,SE
2014-01-02 21:12:11,9.0,-9,17.113582961,1027.409258,90.43,1,5,SE
2012-11-29 10:26:57,484.0,19,23.069428814,1006.821519,0.9,1,7,SE
2012-10-07 15:32:50,135.0,20,23.607518145,1004.479695,15.09,5,1,SE
2013-04-12 07:31:18,200.0,3,3.552165606,1018.13462,8.36,7,4,cv
2012-03-31 17:00:53,68.0,12,19.658818886,1000.115668,6.26,4,3,NW
2014-04-03 14:52:55,186.0,19,27.174266795,1003.278705,65.07,2,12,SE
2014-12-15 09:07:31,82.0,24,31.312194395449996,1000.38873,1.0,1,3,SE
2011-10-31 04:10:43,152.0,-4,5.980857364,1018.953674,1.74,17,4,SE
2014-03-22 01:03:23,133.0,7,11.426504218,1010.033719,23.73,7,2,SE
2014-04-11 01:24:11,7.0,-9,3.282357367,1032.840502,38.86,1,5,NE
2010-11-10 14:29:17,49.0,-21,7.343840896,1015.274139,59.41,9,14,NW
2012-09-02 14:28:23,50.0,-13,-3.759709193,1033.18530255,5.32,1,0,NW
2013-01-26 22:33:16,76.0,9,16.149175277,1016.771199,13.31,6,4,cv
2014-04-30 00:00:31,152.0,20,21.145176708,1018.24684,1.08,2,3,NW
2010-02-15 04:37:46,129.0,-22,-6.6063598763,1033.18530255,8.31,10,4,NW
2010-06-05 11:53:13,9.0,15,29.802812485,1009.086224,21.5,17,6,SE
2011-01-16 11:17:24,181.0,15,10.007312518,1007.048426,10.26,12,4,NE
2011-08-29 14:51:40,33.0,-22,-1.396678427,1028.546764,14.6,14,5,NE
2014-04-26 02:03:27,10.0,-10,9.295468229,1024.614675,60.4,16,5,cv
2010-05-08 10:21:23,183.0,-3,-1.780460692,1023.505002,1.24,17,14,NE
2010-06-11 22:19:58,16.0,-7,12.582521577,1016.023996,14.42,4,3,cv
2014-04-03 02:55:25,42.0,-7,3.366704155,1014.760035,40.63,3,4,NW
2014-08-08 01:33:10,63.0,17,17.718246843,1019.337295,1.29,1,7,NW
2010-10-13 00:54:39,116.0,0,9.839222442,1018.090546,1.01,12,5,SE
2013-11-30 15:55:38,151.0,23,26.319425043,1002.08611,6.07,3,0,SE
2013-08-22 09:06:06,68.0,-7,9.46151712,1014.6562,1.29,3,0,NW
2010-06-08 13:57:14,226.0,-16,-4.288089318,1022.147576,29.95,4,7,NW
2013-08-04 17:06:35,27.0,-6,5.605574195,1024.716865,14.97,6,2,NE
2011-01-19 05:05:34,86.0,-6,1.89644588,1028.484054,12.87,8,4,NW
2010-06-26 10:39:50,50.0,10,19.204480757,1002.612832,1.14,1,3,NW
2010-04-25 20:14:26,88.0,10,30.387397651,1000.06287105,96.56899999999992,4,1,NE
2014-11-22 06:42:42,98.0,0,21.071410482,1012.10798,76.04,5,0,SE
2012-01-29 21:32:36,14.0,-6,21.204071051,1014.5086,66.95,7,0,SE
2013-05-13 15:59:07,10.0,-22,-3.25383361,1029.346164,96.56899999999992,1,1,NE
2013-07-02 15:03:00,250.0,20,22.285243196,1001.104287,3.62,1,5,NW
2013-03-14 06:42:10,19.0,-21,-4.250046106,1032.765363,48.05,5,5,NW
2010-05-20 04:39:13,10.0,-1,20.376092876,1017.022287,26.88,1,1,NE
2010-03-16 16:01:57,94.0,-6,20.887315705,1022.026326,35.56,11,4,SE
2011-10-20 11:37:59,279.0,22,29.316939159,1004.671102,0.95,1,6,NW
2011-05-27 13:16:15,312.0,-9,-0.803126498,1021.030783,0.97,1,3,SE
2010-01-15 14:17:31,46.0,-5,-1.273802399,1008.898982,0.9,10,2,NW
2011-06-09 18:11:29,34.0,-3,3.868981588,1030.337765,5.36,1,7,cv
2012-12-01 05:09:30,82.0,-9,-1.674449967,1022.820132,42.2,1,5,cv
2014-07-31 18:49:43,36.0,-7,5.826035673,1017.329841,96.49,8,4,cv
2013-12-16 08:58:52,62.0,-5,5.963531134,1015.054767,38.96,2,5,SE
2014-06-02 23:39:57,102.0,14,16.801957182,1006.746041,16.91,9,5,cv
2014-04-15 11:02:06,39.0,-14,12.395586841,1013.779162,14.14,6,1,NW
2011-11-23 17:06:24,138.0,16,21.617998433,1009.587292,1.45,2,0,NW
2012-10-21 13:21:22,58.0,9,23.900769748,1006.058845,46.73,9,10,cv
2014-08-10 05:36:43,58.0,-17,5.070974052,1025.661171,59.65,6,2,SE
2010-08-19 04:55:34,230.0,24,21.426492716,1007.158744,14.08,5,4,SE
2014-02-14 11:52:59,253.0,23,28.289160528,1000.06287105,26.03,13,1,cv
2013-03-04 01:03:43,7.0,-22,-6.6063598763,1033.18530255,18.5,1,3,cv
2011-08-12 09:31:58,261.0,-9,3.251813449,1014.383531,2.17,2,0,SE
2014-11-26 08:41:31,35.0,11,14.586031027,1015.485736,6.27,5,6,NW
2013-11-05 04:55:39,12.0,-22,-6.6063598763,1033.18530255,33.79,3,5,NE
2011-12-28 19:27:12,228.0,20,22.256032439,1006.29574,51.06,6,6,SE
2014-06-30 06:06:39,76.0,15,20.504750931,1014.82554,96.56899999999992,2,5,cv
2010-05-12 13:45:16,146.0,0,8.256094795,1016.971628,6.81,2,4,SE
2012-06-10 04:15:30,87.0,-11,5.416094479,1021.988906,22.88,5,4,SE
2014-01-04 09:31:40,24.0,-2,20.557566011,1019.783772,8.08,17,0,SE
2014-04-24 18:52:09,77.0,14,15.794386138,1018.984381,0.93,10,1,SE
2014-03-23 07:42:47,418.0,21,18.560530953,1019.440811,0.95,2,3,SE
2011-01-07 09:17:15,116.0,1,2.796619185,1027.67875,1.12,13,0,SE
2013-12-04 09:52:33,99.0,7,8.131612302,1025.912405,8.01,5,14,NW
2011-11-15 21:37:09,154.0,11,10.059784635,1013.659811,11.24,2,4,NW
2011-10-06 02:49:55,40.0,-16,0.849655906,1032.268329,96.56899999999992,10,9,cv
2011-08-12 11:19:17,88.0,16,27.626401522,1003.798679,0.92,7,7,cv
2013-03-23 01:48:08,78.0,3,16.862394968,1003.403831,24.17,2,2,cv
2013-06-23 16:08:56,167.0,23,26.686012935,1005.991051,8.91,2,3,SE
2013-03-27 21:16:19,95.0,-18,-2.084902247,1029.488098,96.56899999999992,17,5,NE
2013-01-09 15:31:17,108.0,-8,-0.331302144,1015.984855,2.42,3,4,SE
2014-07-29 15:37:17,36.0,-20,0.370902871,1027.354703,96.56899999999992,2,4,cv
2013-05-12 00:25:37,44.0,-8,3.347503613,1027.879871,16.3,2,11,NW
2010-09-16 22:10:57,41.0,-8,-3.193128937,1029.309275,12.43,1,2,SE
2010-09-01 16:11:03,304.0,2,-2.758958813,1027.508638,0.91,2,0,NW
2012-05-20 19:12:56,36.0,-7,7.881516517,1027.275856,6.68,2,1,SE
2011-01-03 04:39:54,128.0,-15,-2.801103901,1021.987085,3.54,6,2,SE
2012-07-22 11:42:01,240.0,20,17.073547115,1007.056277,1.2,4,7,NE
2013-09-25 08:35:40,101.0,14,18.44794437,1011.322224,0.94,2,10,cv
2014-06-26 07:34:13,52.0,6,20.104011027,1022.109158,3.97,2,5,SE
2013-01-03 22:21:34,41.0,8,30.163884711,1014.786568,77.73,2,4,SE
2013-12-29 07:26:58,78.0,-5,15.755122443,1016.125554,2.47,1,0,NW
2012-04-13 13:19:59,117.0,17,24.658005247,1011.934571,41.68,4,0,SE
2012-08-11 04:17:44,249.0,9,16.95536328,1017.867729,0.93,12,2,SE
2011-08-21 09:43:24,70.0,4,17.604126885,1004.16316,20.16,2,7,cv
2014-12-21 21:20:35,186.0,17,17.387986493,1005.891732,1.58,1,9,SE
2012-05-24 13:20:36,109.0,20,28.502381408,1000.06287105,1.09,2,9,SE
2011-03-15 14:05:37,225.0,2,2.098074206,1022.236237,5.65,1,3,NW
2012-08-24 07:12:23,100.0,22,31.312194395449996,1002.386988,1.75,1,4,SE
2013-06-03 13:06:10,175.0,-15,-1.508123784,1028.111667,46.05,17,8,NW
2011-05-29 16:06:52,76.0,12,18.238214725,1005.648746,13.92,1,9,SE
2014-05-26 11:54:18,4.0,6,23.247703395,1019.093226,23.28,1,3,SE
2012-11-25 20:35:54,126.0,-6,-6.6063598763,1030.796212,1.2,3,9,NW
2014-09-22 23:46:14,62.0,-13,11.680542681,1008.83258,5.32,1,6,NW
2010-12-26 03:43:13,11.0,1,14.143347196,1013.064493,43.11,7,1,SE
2014-11-19 00:57:44,149.0,12,20.745232145,1003.989439,0.9,1,7,SE
2012-12-02 09:56:59,47.0,13,14.309198441,1019.495361,0.97,2,3,cv
2014-08-30 12:09:54,138.0,-16,-0.360514567,1032.313764,1.11,8,1,NW
2011-09-17 00:55:13,57.0,13,23.887278956,1007.509246,14.77,9,14,SE
2014-12-14 05:52:35,109.0,18,22.660559421,1016.601975,45.27,2,0,SE
2014-05-07 10:20:27,90.0,-21,-6.6063598763,1033.18530255,37.46,2,1,NE
2013-11-13 09:39:06,23.0,-3,7.264679096,1019.834735,41.66,4,1,SE
2011-03-03 17:27:18,324.0,16,5.041433776,1018.544652,0.97,2,3,cv
2013-09-19 09:27:19,74.0,3,10.074674281,1026.725371,1.8,6,1,NW
2010-10-31 16:11:22,60.0,-1,20.078358363,1012.407931,2.24,17,2,NW
2012-06-15 21:10:43,265.0,15,22.544389176,1002.952098,1.15,12,1,SE
2011-09-19 17:01:18,39.0,19,31.297799215,1000.06287105,7.76,5,6,NW
2010-09-22 23:41:31,27.0,6,22.037184495,1019.702553,33.84,11,0,SE
2013-03-02 08:24:26,103.0,19,21.910086717,1009.224462,1.28,13,3,SE
2014-01-27 22:42:05,391.0,5,10.782294386,1024.313782,1.07,2,3,NW
2013-02-24 23:29:09,158.0,6,8.183745936,1018.068284,0.91,1,11,SE
2012-07-27 05:03:31,350.0,20,14.365674996,1011.961039,2.01,1,7,SE
2013-03-26 08:16:36,71.0,4,14.903965267,1019.891331,1.57,11,0,SE
2011-05-21 12:26:29,123.0,2,18.201419423,1019.286457,23.41,10,5,SE
2010-11-25 05:04:59,113.0,9,11.299636088,1012.748243,0.92,5,12,cv
2014-08-15 06:37:20,286.0,24,31.312194395449996,1002.55513,1.01,14,14,SE
2014-05-09 04:31:32,139.0,19,25.541347164,1010.665807,1.73,5,4,SE
2014-03-28 06:40:46,28.0,12,29.938185815,1012.697254,11.0,1,5,NW
2014-12-14 18:06:28,104.0,-22,-6.600974193,1033.18530255,3.56,3,0,NW
2011-08-30 15:09:44,24.0,-16,-0.441567636,1031.662112,3.45,4,0,NE
2013-05-17 04:18:32,83.0,3,11.502786812,1017.058425,3.17,3,0,cv
2010-01-23 06:10:43,31.0,-6,10.571004819,1014.602183,2.19,9,8,NW
2013-01-13 12:41:05,35.0,13,25.920232116,1013.303891,42.71,3,1,cv
2014-06-28 13:21:00,10.0,-4,16.316019497,1017.823375,96.56899999999992,2,4,cv
2014-01-10 11:09:12,37.0,-4,16.276095965,1022.389461,53.25,3,1,SE
2011-09-02 17:52:24,85.0,10,23.015291142,1017.584705,92.14,1,0,cv
2013-03-07 05:26:53,324.0,7,11.18617534,1013.105646,1.07,6,13,SE
2012-02-23 11:34:03,99.0,11,25.461622248,1007.793,42.71,11,4,NW
2014-11-26 05:34:52,477.0,23,23.605837374,1010.201159,2.37,7,2,cv
2013-11-16 02:50:37,160.0,21,21.643128657,1006.512538,18.4,1,6,SE
2011-07-31 02:17:52,7.0,-6,10.055344623,1012.325771,96.56899999999992,4,4,NW
2014-10-30 20:53:21,56.0,12,2.978227139,1024.459404,3.09,2,9,NW
2011-02-07 21:25:44,173.0,-13,5.585386988,1026.829747,27.36,14,2,SE
2010-03-27 00:58:59,174.0,8,10.403803915,1017.483648,0.9,9,3,SE
2012-02-29 19:28:47,119.0,-5,5.861469966,1020.286327,1.16,1,4,NW
2012-03-25 01:53:01,35.0,4,18.222714658,1021.467321,0.93,2,1,NW
2014-09-04 06:22:34,16.0,11,25.683283589,1009.67669,28.96,10,4,cv
2014-05-18 23:47:31,133.0,14,15.904834881,1004.590792,18.23,1,14,NW
2010-11-27 18:32:46,51.0,-17,-3.003589382,1033.18530255,8.67,17,8,cv
2012-01-14 01:45:02,387.0,17,23.859225406,1000.06287105,0.97,4,10,SE
2011-04-27 23:46:40,152.0,19,31.29215739,1014.823614,11.57,7,0,SE
2011-09-14 18:48:27,36.0,13,20.963718337,1001.805735,4.93,7,14,SE
2013-02-05 04:35:31,136.0,0,9.34057051,1007.29829,20.32,2,4,NW
2011-10-02 16:25:38,313.0,17,21.704108716,1004.121264,0.9,5,4,cv
2012-06-23 22:51:40,43.0,6,8.542940431,1019.160551,17.87,3,6,SE
2013-11-29 10:56:21,15.0,-3,10.501859525,1016.746205,15.75,1,14,NW
2014-10-07 17:59:24,54.0,-16,2.922982488,1017.641861,33.71,3,5,cv
2013-11-21 10:11:20,1.0,-19,1.130677095,1033.18530255,18.54,1,5,SE
2014-09-08 06:12:24,11.0,-14,-1.27464472,1025.240664,8.58,2,6,NE
2013-03-19 17:16:14,8.0,-15,14.071494344,1016.876202,1.81,1,11,NW
2012-10-26 05:19:32,67.0,-13,-0.253057899,1028.677934,30.29,2,3,SE
2012-01-26 17:06:34,37.0,-12,4.087261537,1027.710931,2.64,3,6,NW
2011-03-15 07:36:44,143.0,11,27.80400895,1002.871266,24.33,2,4,cv
2010-12-21 08:56:43,251.0,-16,7.536163781,1016.553312,51.22,1,3,cv
2014-01-04 02:49:08,84.0,-2,13.363278543,1008.894854,50.06,14,7,NE
2013-02-12 18:44:35,46.0,7,9.665237247,1013.65438,2.1,1,11,cv
2012-06-26 03:34:56,195.0,3,11.588928137,1014.723767,1.03,10,0,NW
2014-11-23 06:19:37,3.0,13,31.312194395449996,1002.106936,2.5,1,2,SE
2010-10-04 23:27:37,154.0,-14,-4.634441568,1032.9386,36.63,4,0,NW
2010-04-20 10:40:15,227.0,2,-4.652239213,1014.273702,8.76,12,10,cv
2014-05-03 15:42:30,145.0,4,4.962197699,1019.867301,0.9,3,14,NW
2012-05-19 16:57:52,235.0,21,23.796197922,1000.06287105,1.43,6,3,cv
2014-11-04 03:51:36,29.0,-19,-1.038097122,1033.18530255,3.44,4,1,SE
2014-03-16 20:31:59,27.0,2,25.305712598,1017.086649,57.02,1,0,cv
2011-02-11 19:50:59,7.0,3,6.946368775,1016.223153,11.58,3,3,SE
2014-05-15 20:36:22,10.0,2,12.05719134,1005.369724,1.45,1,3,SE
2011-02-15 20:41:11,10.0,-20,3.636565007,1015.407552,33.93,10,1,SE
2010-02-26 16:47:06,10.0,-22,-4.06690428,1023.96262,27.04,12,1,cv
2012-07-07 11:43:32,126.0,1,3.633546103,1023.581116,60.56,8,1,NW
2012-11-09 05:02:07,95.0,-22,-6.6063598763,1033.18530255,0.9,13,1,NE
2014-10-13 10:23:35,43.0,-2,-1.146778325,1033.18530255,1.05,3,13,NW
2014-05-26 12:46:54,193.0,24,22.250687366,1011.112183,4.34,1,5,cv
2010-01-19 22:45:22,10.0,-3,12.308379183,1012.322807,2.96,7,11,NE
2012-03-22 02:31:30,149.0,-13,1.653816607,1020.684501,5.18,7,0,NW
2012-05-03 01:25:10,183.0,22,30.673105345,1002.519654,5.04,5,5,NW
2011-07-25 15:00:45,31.0,-14,2.126032997,1029.110406,96.56899999999992,2,2,SE
2013-03-04 09:44:19,122.0,-22,-6.6063598763,1029.667316,37.51,3,6,NW
2013-06-08 07:46:52,135.0,21,26.970633207,1007.247973,2.02,2,6,SE
2013-04-09 16:41:08,110.0,-4,0.066727321,1029.272254,4.14,5,1,NW
2014-06-02 15:47:14,126.0,17,23.547999734,1005.809278,4.09,2,0,NW
2014-12-27 19:46:24,565.0,24,29.699047686,1000.846826,0.9,15,4,cv
2014-08-11 04:37:05,52.0,14,17.79494988,1012.36522,4.0,7,12,SE
2010-08-08 22:42:00,197.0,-15,-6.6063598763,1024.868888,2.02,2,8,NW
2014-07-29 02:04:59,124.0,20,17.774712738,1003.002196,0.9,1,13,NE
2010-07-18 12:52:26,109.0,9,18.949777352,1003.609335,9.09,1,2,NW
2010-10-04 14:31:30,30.0,13,20.402575615,1002.061457,96.56899999999992,2,9,NE
2010-03-19 08:46:40,55.0,-1,6.314830622,1025.403244,34.7,7,12,NW
2013-10-23 13:58:25,185.0,24,31.312194395449996,1000.06287105,4.52,5,4,SE
2011-05-06 15:10:15,3.0,-2,21.926032329,1008.909868,60.89,4,2,NW
2014-05-26 22:00:25,192.0,-4,0.341605172,1029.178908,3.04,6,1,cv
2014-09-20 16:51:46,115.0,15,14.327400274,1022.647213,11.45,5,4,NW
2010-11-02 04:28:08,168.0,17,27.675854683,1000.223597,96.56899999999992,11,3,SE
2014-03-21 02:18:07,43.0,16,27.176342413,1004.897184,85.84,12,7,cv
2011-02-07 19:33:47,61.0,16,23.065348647,1022.467571,51.91,16,7,NW
2014-08-30 21:27:59,82.0,15,18.453314488,1010.024056,9.91,15,10,NW
2012-01-16 08:22:18,29.0,-5,-1.013276186,1017.186608,6.87,4,3,NW
2013-01-28 03:48:12,63.0,7,17.203343975,1012.21309,5.87,9,1,SE
2010-12-03 22:35:42,390.0,15,7.454916053,1009.74846,0.9,11,1,SE
2012-06-23 23:41:19,153.0,-22,-6.6063598763,1029.984478,1.37,1,10,SE
2014-07-06 12:26:08,65.0,24,31.312194395449996,1000.06287105,0.92,3,1,SE
2010-12-28 08:36:39,50.0,4,23.527740225,1004.286492,34.83,15,2,NW
2010-02-28 01:15:32,123.0,16,15.56484132,1005.802946,0.9,2,13,NW
2013-02-05 22:43:45,271.0,22,22.138915241,1001.359477,2.06,1,2,SE
2010-07-15 00:03:15,37.0,-3,12.56277703,1014.930201,39.35,5,3,SE
2010-10-09 05:54:23,133.0,14,23.07080884,1006.476071,10.09,6,2,SE
2012-07-14 04:12:28,216.0,-5,6.959997519,1019.951421,2.7,1,1,cv
2013-04-15 07:05:26,99.0,-18,-5.550260916,1030.434296,4.97,2,6,cv
2014-06-20 03:10:28,29.0,1,18.66060419,1013.896229,59.52,4,2,NE
2014-02-10 00:05:16,103.0,24,30.252621561,1000.06287105,2.7,1,11,cv
2012-04-19 19:07:21,79.0,-16,-6.6063598763,1033.18530255,12.29,3,9,NE
2012-08-24 01:24:28,212.0,17,18.960346736,1005.285642,1.17,3,4,NE
2013-08-08 00:09:03,20.0,-5,7.432689449,1019.121049,2.99,1,14,NE
2013-12-10 18:11:02,182.0,11,15.634514541,1023.963365,1.15,11,6,SE
2014-10-30 20:25:09,76.0,20,24.58524189,1001.901449,0.91,1,11,NW
2013-11-14 13:25:42,121.0,-11,-6.6063598763,1029.288256,5.21,1,13,NW
2014-04-24 12:20:31,77.0,-19,1.36037322,1020.16173,2.86,17,2,NW
2014-07-19 22:08:28,15.0,2,2.710679889,1016.628337,35.22,7,14,SE
2014-06-28 04:31:59,200.0,5,-1.018108778,1028.709679,7.85,2,3,NW
2014-01-26 22:21:43,145.0,16,21.742353468,1012.802975,15.23,1,8,cv
2013-07-21 19:07:49,284.0,20,27.149799858,1004.841734,1.72,1,14,NW
2012-05-05 05:25:04,57.0,18,20.464412749,1013.238293,28.2,13,2,NW
2013-07-05 20:09:13,134.0,-22,-6.6063598763,1033.18530255,0.95,17,0,NW
2012-09-17 17:38:45,78.0,19,31.312194395449996,1009.349344,2.5,4,4,SE
2010-04-08 20:58:36,111.0,6,15.976144222,1013.358406,1.08,2,5,NW
2010-05-10 15:47:22,45.0,4,16.287966893,1010.855932,1.39,1,11,cv
2010-08-22 07:46:17,28.0,-10,9.478468274,1012.442636,2.1,1,2,NW
2013-04-05 08:44:38,35.0,15,31.312194395449996,1001.577027,13.52,6,1,SE
2012-08-22 13:17:32,19.0,-6,12.538109637,1018.519244,24.22,8,14,NW
2010-08-04 09:44:03,263.0,15,17.273745483,1014.769971,5.59,9,11,cv
2013-06-26 13:51:34,28.0,16,31.312194395449996,1000.06287105,2.44,1,9,SE
2013-01-11 16:49:44,37.0,21,23.552187629,1005.799597,72.82,1,14,NE
2014-08-01 20:40:55,7.0,-22,3.690396933,1027.906712,25.0,1,6,NE
2013-03-02 20:30:47,24.0,3,-3.339363675,1022.516764,6.72,14,0,cv
2014-02-20 16:22:37,5.0,-16,6.736803587,1029.365083,13.1,7,5,cv
2011-08-03 02:26:28,176.0,14,18.597307892,1008.050881,2.61,3,2,cv
2013-01-10 23:40:55,77.0,-11,6.183696054,1023.103142,1.7,1,12,SE
2012-02-01 12:10:41,211.0,15,23.813732408,1012.339237,0.91,2,1,cv
2013-03-19 02:05:43,98.0,-8,1.590434579,1015.450361,6.08,5,3,SE
2012-04-19 16:06:05,15.0,16,25.692129054,1013.883463,8.39,2,2,SE
2014-05-10 07:04:00,17.0,10,23.510244734,1013.191973,18.1,1,1,cv
2013-02-22 19:03:34,144.0,5,16.962846486,1015.777221,0.9,16,1,NW
2013-06-08 00:59:11,16.0,4,14.929412008,1017.659708,18.69,3,5,NW
2011-01-08 19:40:31,10.0,1,14.521549296,1020.601536,15.81,3,9,NW
2014-05-14 19:51:42,43.0,-10,5.13841704,1014.18574,23.21,1,11,NE
2014-09-01 15:55:46,44.0,22,30.783378993,1000.6523,16.32,1,8,SE
2013-02-08 01:23:03,20.0,0,17.757233792,1022.214494,8.81,2,1,cv
2013-04-05 02:33:53,24.0,1,9.005132214,1018.788951,1.87,1,7,NW
2012-08-05 11:37:35,53.0,-14,-3.286518711,1033.18530255,2.4,6,0,NW
2012-01-28 04:41:32,58.0,7,13.085315052,1018.112385,2.29,1,1,NE
2012-11-19 03:26:05,95.0,0,4.86325959,1021.982595,30.24,5,4,NW
2014-07-17 21:10:03,50.0,-3,0.825108202,1026.324011,1.1,1,2,NE
2010-11-08 16:23:05,164.0,4,4.054579627,1025.145841,8.5,1,14,SE
2011-08-13 11:48:05,16.0,-22,-3.779296384,1027.637447,96.56899999999992,10,2,NE
2014-04-18 15:58:03,420.0,5,13.986231443,1018.332264,1.45,2,1,cv
2013-01-06 10:49:08,141.0,-16,-6.6063598763,1033.18530255,1.83,10,8,SE
2011-02-06 07:27:13,194.0,-3,2.719176884,1014.707378,2.98,1,5,cv
2011-05-05 15:20:09,31.0,-1,9.797790736,1016.060013,27.43,9,1,cv
2014-12-09 02:36:10,368.0,10,12.798397866,1014.337706,0.9,5,1,SE
2012-04-18 03:21:16,357.0,24,31.312194395449996,1000.06287105,1.01,1,14,NW
2010-10-24 16:48:39,201.0,-4,6.613677097,1013.9519,9.87,1,1,cv
2011-02-08 07:30:29,305.0,9,4.712538334,1017.876811,0.9,13,3,SE
2011-03-19 09:37:12,33.0,-21,0.125729372,1028.259177,8.44,4,0,NW
2010-04-17 20:27:10,8.0,10,25.078827305,1007.652511,22.43,9,4,NW
2013-07-20 08:35:28,112.0,4,5.340192193,1017.991793,18.77,7,7,SE
2013-06-15 07:00:03,186.0,3,8.455434696,1025.848812,17.83,1,2,cv
2011-10-05 11:40:29,160.0,-2,-0.667841771,1022.858088,2.8,14,9,NW
2014-03-08 20:10:14,54.0,-22,-6.6063598763,1033.18530255,7.16,17,1,NW
2013-08-21 04:23:55,212.0,24,31.312194395449996,1003.29979,4.48,2,8,cv
2010-02-03 07:42:14,232.0,6,13.106726956,1019.078537,3.33,1,2,cv
2012-10-23 10:03:30,47.0,18,20.897135615,1005.653604,0.93,14,2,SE
2011-09-16 14:32:44,49.0,-22,-6.6063598763,1024.554788,7.76,1,5,NW
2013-10-09 13:17:22,200.0,9,20.4720782,1010.44415,1.72,1,1,SE
2010-11-10 14:15:28,79.0,19,19.12527861,1000.06287105,96.56899999999992,11,10,SE
2012-04-10 10:07:52,46.0,7,8.445234392,1012.246592,2.96,9,13,SE
2013-01-14 09:16:10,129.0,4,11.839149205,1015.033954,82.11,7,3,SE
2013-01-02 14:33:35,52.0,10,20.63739489,1013.760076,79.78,2,14,SE
2014-10-31 22:24:44,2.0,-22,8.504149685,1028.087408,73.58,1,2,NE
2014-05-14 10:34:16,104.0,8,18.38762927,1017.855101,0.9,1,4,cv
2012-04-09 20:19:11,46.0,12,16.608053814,1008.681334,1.9,2,9,NW
2010-04-03 19:39:05,220.0,-17,-6.381415599,1022.534689,2.95,15,0,SE
2014-10-28 20:19:04,109.0,-1,21.50004605,1013.554133,1.5,1,7,SE
2013-11-03 06:57:40,10.0,-2,15.152653982,1021.953758,15.08,2,8,cv
2011-02-19 18:13:13,21.0,6,7.650458208,1004.491272,10.91,1,11,NE
2012-07-16 23:04:47,100.0,-5,13.172444524,1016.927732,12.61,6,1,SE
2014-11-20 00:25:50,63.0,18,26.237301846,1007.844913,71.99,11,4,cv
2011-02-26 17:08:00,344.0,20,19.387551459,1000.893867,8.3,1,11,NW
2014-10-11 03:10:41,281.0,12,8.241059888,1027.90787,1.25,9,1,NW
2010-08-28 09:26:01,182.0,2,8.907522042,1030.23207,25.35,15,2,SE
2012-05-29 23:05:26,13.0,-8,4.434768374,1026.346953,1.06,1,1,NE
2011-08-10 06:23:36,21.0,-4,18.541958486,1030.254946,2.59,1,0,NW
2011-04-21 12:28:23,110.0,13,11.134751778,1017.815137,30.64,5,4,SE
2011-02-21 06:33:16,280.0,-3,0.476802907,1029.968554,2.38,2,8,SE
2013-09-11 06:45:01,47.0,5,20.46700126,1015.587753,62.15,1,1,NW
2010-08-15 03:53:19,108.0,-9,0.918876797,1019.445461,17.7,1,4,SE
2012-08-27 06:34:58,219.0,24,31.312194395449996,1005.176935,14.19,11,11,SE
2013-04-14 22:39:24,118.0,-16,4.563780775,1028.351743,4.46,1,2,SE
2013-04-23 03:49:29,41.0,5,10.835691158,1015.125991,88.23,17,6,NE
2013-11-16 18:54:13,34.0,4,12.490034104,1019.07344,89.39,4,5,NW
2014-06-03 19:01:26,121.0,-6,-2.828233705,1022.679189,0.9,9,2,NE
2013-09-04 11:41:47,5.0,-1,20.780559468,1012.329009,90.87,4,5,NW
2013-11-10 11:47:07,56.0,-19,-4.729184413,1017.641222,62.52,5,0,NW
2010-03-26 22:13:59,228.0,7,3.895738504,1016.157601,1.96,3,2,NW
2012-03-03 17:50:31,180.0,10,14.594020689,1010.845513,54.09,3,2,NW
2014-06-24 01:47:53,124.0,-20,-5.406036213,1033.18530255,5.63,4,7,NW
2011-01-14 23:00:07,18.0,1,0.408713198,1027.562664,0.93,1,7,NE
2012-01-02 05:56:22,33.0,-22,-6.6063598763,1033.18530255,1.73,1,1,NW
2013-09-08 23:13:16,40.0,-17,5.651531812,1032.640451,35.62,1,2,NE
2013-09-05 15:33:54,45.0,-8,7.436270118,1027.33359,5.72,8,2,cv
2012-03-31 01:46:10,100.0,-18,-0.683087157,1020.02131,54.23,4,1,cv
2014-12-27 08:33:42,212.0,16,12.06224362,1010.267193,0.97,1,9,SE
2014-05-07 13:55:24,14.0,-9,14.089819217,1020.686399,42.61,16,8,NE
2011-05-07 09:45:51,19.0,4,22.871544394,1021.927047,90.06,17,6,NE
2011-07-12 11:32:35,67.0,-2,2.682365405,1020.047626,13.28,3,1,NW
2011-04-24 07:35:19,260.0,18,17.422122739,1009.219524,8.32,8,0,NW
2011-09-02 13:20:57,16.0,-13,2.048263125,1025.827393,23.72,1,2,cv
2013-02-27 13:32:29,248.0,21,19.249414375,1017.250869,10.32,4,2,cv
2012-11-13 11:21:10,64.0,-5,8.804789703,1016.71779,3.14,5,14,cv
2010-01-23 08:19:51,310.0,-11,-5.187469918,1019.583115,1.57,4,1,NW
2011-08-11 06:23:33,19.0,-21,-6.6063598763,1033.18530255,49.34,17,10,cv
2013-02-13 13:12:49,30.0,-22,-2.594816043,1028.724065,17.99,12,0,NE
2011-12-25 07:20:00,53.0,-7,8.818557116,1016.477357,8.29,1,10,NW
2014-03-08 03:34:08,10.0,-6,4.31856789,1027.609258,3.97,1,9,NW
2013-06-02 01:27:11,63.0,-9,-3.198971615,1030.931422,1.51,3,2,SE
2013-11-30 14:17:18,16.0,-22,-2.063414343,1031.004828,19.68,9,1,NW
2013-06-08 22:40:32,113.0,-12,-5.528494454,1027.801325,0.9,6,7,NE
2014-06-06 14:09:09,95.0,7,29.825592505,1001.113459,37.94,2,5,SE
2014-11-06 07:10:32,176.0,21,26.338927308,1009.565655,44.52,7,3,SE
2014-02-07 06:30:18,75.0,17,28.16245817,1014.579166,27.08,12,4,SE
2013-09-10 01:13:51,64.0,9,16.235063072,1007.374145,1.36,3,5,cv
2012-10-30 08:35:03,18.0,16,26.118797609,1004.0647,7.84,17,2,SE
2010-06-15 18:42:39,196.0,-1,12.523594902,1010.490292,75.85,6,3,NW
2011-02-16 19:37:54,231.0,0,1.624337696,1011.327752,2.48,1,5,NW
2011-04-05 19:44:01,68.0,12,24.055346684,1005.646919,15.34,1,1,NE
2013-06-02 12:45:19,32.0,-3,10.506929338,1023.580814,10.15,5,7,SE
2010-05-19 05:37:34,22.0,-3,6.536528591,1012.392622,70.61,2,8,NE
2014-05-31 06:37:54,39.0,8,8.502031443,1023.949292,0.9,11,11,NW
2013-01-21 20:08:47,18.0,-19,12.317704551,1016.034419,66.6,15,2,SE
2013-01-17 02:30:10,148.0,10,21.981354451,1012.745678,1.18,3,2,SE
2014-11-30 15:40:20,90.0,24,17.265129253,1005.354714,0.9,6,14,cv
2011-09-14 19:46:14,89.0,-9,7.176848069,1026.567065,22.22,2,8,NE
2014-07-11 20:57:46,65.0,12,14.455340691,1016.2598,4.19,3,4,NW
2014-08-05 04:17:14,26.0,-2,14.783014138,1010.026824,1.94,1,6,NW
2011-09-29 17:48:04,94.0,-18,-3.033779225,1033.18530255,29.34,1,2,SE
2012-09-27 02:50:21,23.0,12,20.266987326,1000.06287105,24.12,4,7,SE
2013-10-15 22:15:52,229.0,-22,-6.6063598763,1032.533894,0.91,1,1,SE
2013-11-27 11:30:33,92.0,8,12.150436412,1021.733337,7.38,3,7,NE
2014-07-23 15:31:42,18.0,-20,14.215339271,1014.858068,6.18,5,1,SE
2013-04-12 15:47:52,14.0,-21,-2.030290635,1033.18530255,12.22,16,7,SE
2012-04-12 05:20:59,261.0,16,23.190894069,1008.373768,0.96,8,1,SE
2014-11-18 16:15:25,529.0,7,8.447200218,1018.888675,0.9,7,4,cv
2012-02-12 21:52:27,359.0,11,9.215083781,1016.980549,2.28,1,3,cv
2011-04-28 20:05:13,61.0,-10,-1.785794852,1031.529849,54.13,3,5,SE
2014-08-04 19:22:01,43.0,15,28.999946657,1000.85473,1.07,4,12,NW
2013-03-26 16:49:17,27.0,11,22.207016379,1005.064885,4.42,1,0,NE
2012-07-07 22:22:37,66.0,10,17.131638344,1006.689339,2.91,1,5,NW
2010-12-31 09:25:32,295.0,-5,-6.6063598763,1032.814666,78.28,17,0,SE
2013-12-04 14:58:22,128.0,24,31.312194395449996,1000.06287105,47.9,3,5,NW
2010-10-24 18:42:52,167.0,-7,10.047624171,1029.752718,1.18,2,3,cv
2013-09-07 09:29:20,314.0,-7,0.632482315,1033.18530255,5.28,3,4,SE
2013-12-23 01:48:10,39.0,-22,-6.6063598763,1033.18530255,22.82,6,1,NW
2011-02-04 18:13:49,125.0,19,16.252218298,1011.835109,0.9,17,1,cv
2012-09-06 04:16:18,393.0,-22,-3.335853456,1030.283202,0.9,4,0,SE
2012-04-27 19:23:44,74.0,0,13.166421505,1021.125599,96.56899999999992,2,9,SE
2012-09-18 21:05:26,1.0,-1,13.151952461,1027.771835,92.65,16,8,NW
2011-06-27 09:07:39,7.0,4,19.305896247,1018.873914,33.23,2,1,SE
2011-07-09 11:55:47,50.0,-2,4.800435197,1027.772502,4.65,10,5,SE
2014-11-06 15:22:43,213.0,19,21.783057544,1003.366909,0.91,3,3,cv
2010-03-10 13:32:10,76.0,4,12.050573184,1009.727768,27.17,1,5,NE
2010-08-18 21:02:24,94.0,-19,-3.901798615,1031.138555,7.71,4,0,NW
2012-08-17 09:41:00,59.0,-22,-6.6063598763,1033.18530255,81.66,4,0,SE
2010-11-08 18:52:14,176.0,1,1.399097709,1024.847367,0.92,17,0,NE
2011-10-21 07:57:31,142.0,-2,11.292383201,1012.091281,1.12,3,1,SE
2013-05-16 10:09:52,56.0,-2,13.399235552,1021.930335,0.9,1,2,cv
2011-12-22 10:47:35,20.0,13,26.092567312,1007.133098,69.57,17,4,SE
2010-11-28 06:24:52,51.0,16,31.312194395449996,1001.160934,58.52,1,2,SE
2011-03-20 02:07:48,157.0,-11,-6.6063598763,1031.360628,4.98,8,8,NE
2013-02-14 09:47:34,60.0,-11,0.548318204,1026.859229,78.52,1,2,SE
2011-03-09 13:43:56,17.0,-10,12.149896747,1013.551459,50.58,1,6,NW
2012-08-14 22:38:32,50.0,0,15.123211817,1016.400822,2.37,1,2,SE
2011-02-01 19:00:35,78.0,0,12.849014363,1014.174954,32.02,3,0,NW
2011-10-02 19:29:06,78.0,3,8.726861271,1015.986945,0.91,2,0,SE
2010-12-04 03:50:25,14.0,6,28.516715136,1003.885955,20.92,11,10,NE
2012-07-01 05:59:34,61.0,8,18.559824165,1018.191995,12.38,1,7,NW
2013-02-11 09:41:20,128.0,4,17.4912617,1013.663663,96.56899999999992,8,8,SE
2014-08-15 14:42:18,146.0,-4,4.002419239,1022.119122,8.66,3,8,NE
2010-05-25 05:08:41,89.0,-22,-6.6063598763,1031.350695,47.27,9,4,SE
2012-08-20 00:48:18,367.0,14,4.167047005,1017.274628,38.2,1,9,cv
2013-05-23 07:01:43,126.0,10,16.030991857,1014.842156,1.7,7,12,NW
2013-09-29 21:41:40,195.0,2,13.935305545,1016.836441,5.64,1,7,SE
2011-12-19 19:30:59,1.0,-15,-0.163976291,1033.18530255,12.63,6,5,NW
2014-11-28 23:46:06,5.0,-14,4.515968434,1014.792996,36.76,2,8,NE
2012-04-04 00:06:13,79.0,-22,-6.6063598763,1033.18530255,2.65,1,0,NW
2011-07-05 12:04:22,84.0,24,31.312194395449996,1000.06287105,41.88,2,1,SE
2014-01-04 12:50:05,124.0,2,12.219386719,1023.896673,96.56899999999992,14,9,cv
2012-12-04 18:47:30,107.0,-10,6.221084244,1027.677553,18.76,8,0,SE
2011-12-10 21:33:39,141.0,24,31.312194395449996,1000.06287105,12.69,1,2,SE
2013-11-19 14:40:43,6.0,-22,-6.6063598763,1033.18530255,3.29,17,7,NE
2014-12-12 08:54:13,72.0,19,19.313942083,1011.821167,3.94,8,3,NE
2012-07-12 06:50:22,146.0,9,18.290820134,1017.329025,4.24,1,2,SE
2013-07-22 02:08:35,28.0,-4,8.439055245,1024.808561,1.0,9,1,NW
2010-10-26 00:02:00,128.0,14,19.91609887,1008.607166,1.66,3,5,cv
2014-08-01 00:12:06,176.0,24,29.966990849,1000.882466,0.9,1,0,SE
2014-05-16 19:39:58,43.0,2,15.612214871,1020.590834,0.9,3,1,NE
2014-09-22 13:56:04,5.0,6,26.459722588,1012.491431,4.01,1,11,SE
2013-11-26 08:58:33,146.0,-7,3.786547073,1021.452121,7.14,2,3,NW
2011-03-27 15:13:02,34.0,-2,-2.627455636,1023.117237,12.05,8,4,SE
2011-12-13 20:56:13,164.0,24,25.533924192,1001.078962,0.96,1,8,SE
2012-01-26 11:10:15,64.0,4,18.632805799,1006.867193,55.48,11,4,cv
2011-11-16 19:50:58,272.0,1,-6.6063598763,1020.220321,1.36,6,7,SE
2014-09-29 05:19:17,53.0,15,30.27730135,1010.719335,31.61,7,2,NW
2014-02-27 07:45:19,19.0,-10,2.194499933,1017.301802,7.84,3,0,NE
2012-08-11 19:23:33,2.0,-17,7.298787132,1023.377134,14.18,2,1,NE
2010-11-27 11:40:16,41.0,-22,-6.6063598763,1033.18530255,96.56899999999992,1,1,cv
2014-12-31 19:44:40,19.0,9,23.365797534,1021.919391,16.91,1,7,SE
2012-02-28 00:25:53,410.0,24,24.277957748,1002.673986,0.9,12,14,NW
2010-08-21 11:57:17,102.0,23,30.688092024,1003.523675,42.95,5,6,SE
2014-02-07 13:21:35,43.0,-17,-6.6063598763,1021.32717,28.22,17,0,NW
2010-02-22 06:27:49,110.0,23,29.438450796,1000.06287105,7.62,10,3,cv
2013-11-23 20:19:24,77.0,4,17.423874618,1012.140262,0.9,1,8,SE
2010-08-25 07:18:21,100.0,3,4.301181312,1023.197537,10.69,14,10,SE
2014-04-21 06:57:21,117.0,-22,-6.6063598763,1033.18530255,0.99,17,10,NW
2011-03-03 16:46:10,20.0,13,24.943311383,1016.425427,4.62,1,9,NW
2012-10-21 14:58:31,67.0,-5,3.319545,1027.159414,3.5,1,3,SE
2014-08-19 07:40:40,118.0,-10,-1.255703359,1029.199878,6.14,2,0,SE
2010-12-21 14:43:52,50.0,5,7.912277234,1017.838863,2.87,4,4,NW
2013-03-21 06:28:51,31.0,-22,2.346095274,1023.466998,0.96,1,0,cv
2013-06-07 05:52:28,59.0,6,26.612990827,1021.751154,96.56899999999992,7,0,NW
2010-03-24 10:06:17,106.0,-2,7.96519588,1016.388804,4.76,10,7,NW
2013-11-21 04:39:20,78.0,8,24.925394296,1005.971426,1.03,7,6,SE
2013-06-04 09:12:11,24.0,4,9.41526038,1013.228911,1.84,1,10,NW
2010-03-09 17:27:56,14.0,-2,8.669597706,1011.617123,10.99,7,0,NW
2011-05-21 09:01:10,149.0,-11,-1.530444956,1022.145109,14.89,8,2,NW
2011-11-30 14:27:02,82.0,8,14.311580794,1011.162823,1.2,6,4,SE
2010-01-20 07:07:32,17.0,-3,12.790398034,1010.462101,7.04,4,6,cv
2014-08-22 03:35:27,141.0,6,13.346630607,1022.847269,3.58,1,1,NW
2014-12-15 14:43:35,7.0,9,18.412248308,1023.168073,7.5,7,11,SE
2014-02-16 19:38:39,87.0,14,19.239445994,1004.641758,21.98,15,14,SE
2013-08-31 10:00:40,43.0,13,18.797097612,1009.743539,13.0,17,13,SE
2014-07-18 12:27:45,135.0,-17,-4.110284318,1029.388633,1.65,14,1,NE
2014-08-15 02:05:01,40.0,8,22.224823331,1021.28395,56.21,1,4,NE
2014-11-15 00:47:38,192.0,-2,15.800623935,1008.359807,5.33,1,0,SE
2011-04-09 10:34:41,105.0,24,31.312194395449996,1000.06287105,4.13,5,1,SE
2012-11-24 11:04:38,38.0,-1,18.8516052,1006.686892,90.13,8,3,cv
2014-06-04 21:05:08,123.0,6,17.993843349,1009.210632,3.21,2,2,NW
2014-08-13 02:05:07,20.0,-4,16.294275173,1018.926875,61.19,5,7,NW
2013-05-13 21:21:16,65.0,-21,2.25385458,1028.368808,21.56,5,1,SE
2013-07-05 18:36:08,95.0,5,9.205958727,1020.717663,13.22,1,2,SE
2013-05-03 09:42:33,44.0,-2,17.843298196,1002.258,43.78,1,3,SE
2014-07-21 02:06:48,9.0,15,31.312194395449996,1004.326233,34.42,2,8,NW
2011-03-22 14:11:48,156.0,0,-2.137095065,1031.592678,1.2,2,3,NE
2011-01-05 16:09:37,132.0,-10,20.052477975,1009.933628,1.8,1,6,cv
2012-04-28 10:32:53,55.0,5,12.720284499,1012.830383,5.76,4,2,SE
2011-01-27 20:34:58,15.0,3,12.309669622,1018.119887,28.12,15,4,NE
2013-05-18 16:37:41,94.0,-2,7.163214,1017.870265,47.76,12,7,NW
2013-07-17 15:52:34,42.0,20,30.441049161,1000.06287105,26.94,1,2,SE
2012-11-06 08:30:27,75.0,13,16.655412735,1010.980062,2.1,2,12,NW
2011-12-18 07:24:31,98.0,-20,-3.539530811,1023.197494,96.56899999999992,5,1,NW
2012-04-01 23:48:06,130.0,24,31.312194395449996,1000.06287105,18.4,1,10,SE
2012-12-07 05:55:59,15.0,1,18.329539813,1024.047578,88.65,6,0,SE
2010-11-16 19:43:35,116.0,-1,-0.237971698,1025.929612,1.13,13,5,SE
2011-02-25 21:48:09,14.0,22,27.401616932,1004.927343,33.71,1,14,NE
2011-12-25 15:54:15,35.0,5,16.574816311,1022.150271,96.56899999999992,1,1,SE
2014-01-05 11:39:41,44.0,2,16.572408779,1018.803855,24.0,5,2,NW
2013-12-08 00:02:32,248.0,8,14.555037717,1017.847178,1.01,1,10,SE
2012-01-05 15:19:46,19.0,-7,10.629786323,1011.611907,54.2,1,2,NE
2012-02-23 15:24:32,18.0,-4,23.951447609,1013.725981,22.35,2,9,SE
2013-07-08 02:31:28,81.0,-7,-0.436746662,1021.885063,27.81,2,1,NW
2013-01-26 00:17:53,32.0,0,15.11970172,1010.131228,9.13,1,2,NW
2012-12-05 19:51:48,242.0,1,9.308673323,1010.483242,0.91,5,5,cv
2010-05-20 03:15:38,55.0,13,16.35890596,1011.444086,37.82,5,5,SE
2011-09-19 07:08:53,7.0,-16,-1.359092612,1025.688878,1.77,1,14,cv
2011-06-06 09:56:30,67.0,13,4.046892974,1011.80517,4.21,17,4,NW
2013-03-28 14:09:07,180.0,-5,11.14332787,1016.897317,1.34,1,1,cv
2011-04-30 00:52:26,36.0,-7,-0.244547163,1017.7773,10.64,5,9,NW
2010-10-10 10:49:03,30.0,-17,12.295575898,1015.224081,38.26,1,4,cv
2013-06-19 05:14:18,6.0,16,30.889437812,1000.068686,14.97,8,10,NW
2012-07-17 18:44:21,129.0,23,15.884198992,1009.594125,4.99,14,2,SE
2014-09-29 05:54:19,501.0,24,27.126233344,1000.06287105,0.9,2,3,NW
2012-02-04 01:55:08,66.0,-22,-3.923368954,1029.750667,4.15,2,4,NW
2010-07-11 21:50:52,24.0,10,8.333874567,1015.237658,9.44,1,12,NW
2014-02-21 06:51:27,78.0,14,19.611811813,1019.988827,9.29,7,5,NW
2013-05-08 23:13:32,79.0,-2,19.586298252,1022.77479,80.13,1,6,NW
2011-02-01 01:48:36,23.0,20,31.312194395449996,1005.173503,4.76,1,2,NW
2010-02-12 20:09:48,189.0,17,15.793070068,1006.674085,7.47,1,11,NE
2010-06-10 21:23:32,3.0,-16,5.639934431,1020.875724,32.82,1,5,cv
2013-05-08 22:44:24,150.0,6,13.792589981,1011.160025,2.93,5,1,SE
2013-01-24 15:53:43,308.0,17,15.494726428,1015.626732,2.8,2,14,cv
2014-01-28 20:51:06,3.0,-14,8.349875812,1028.473244,6.25,4,4,cv
2013-12-18 17:11:59,6.0,20,28.921110037,1006.161968,1.85,4,12,NE
2014-03-12 09:03:03,35.0,-18,-0.223066088,1032.765398,2.4,9,2,cv
2012-09-22 08:13:41,14.0,-5,13.556969743,1013.260902,29.21,1,14,NE
2010-02-14 17:45:53,10.0,-18,2.51614747,1024.964392,26.01,17,1,cv
2011-10-30 13:21:19,81.0,-2,8.212557681,1025.102879,0.99,14,2,cv
2014-09-24 06:33:29,340.0,16,20.645279823,1030.655019,4.62,1,3,cv
2012-05-10 16:06:05,27.0,-5,10.020539133,1015.853102,11.39,3,1,SE
2012-12-09 13:44:00,63.0,14,17.759689708,1019.003028,0.9,6,8,NW
2010-08-01 21:05:16,33.0,-11,2.741440404,1021.931505,0.93,10,1,NW
2012-04-09 20:14:49,12.0,-1,20.120681713,1014.202694,10.6,1,0,cv
2011-01-01 01:49:15,159.0,23,25.198133827,1000.06287105,0.9,2,11,SE
2010-07-26 19:22:16,167.0,-20,-6.6063598763,1025.873291,33.53,6,7,NW
2011-03-13 00:53:05,363.0,1,-6.6063598763,1019.668208,1.89,17,2,NW
2012-10-05 23:10:09,96.0,-5,6.201526737,1013.399737,23.99,1,4,NW
2013-03-26 05:16:27,151.0,10,12.371581686,1016.599591,3.72,3,2,SE
2011-08-05 17:07:48,205.0,13,12.588204898,1005.034231,1.2,9,10,SE
2011-05-05 03:41:49,228.0,-5,-2.768639958,1018.531862,53.51,10,14,NW
2012-03-26 15:32:26,131.0,-4,-0.641097476,1015.283035,96.56899999999992,2,4,SE
2014-12-17 20:12:58,35.0,-22,-6.6063598763,1033.18530255,6.64,10,3,NE
2010-07-23 12:44:43,107.0,-15,-5.96621538,1032.29894,13.97,12,1,NW
2013-05-29 08:59:17,173.0,-3,3.188412867,1019.755541,19.09,1,4,NW
2011-07-11 11:14:03,25.0,-22,-6.6063598763,1033.18530255,86.54,4,5,NE
2012-10-18 13:39:49,110.0,6,9.748415512,1009.47065,0.96,1,10,SE
2014-11-05 19:04:50,26.0,1,18.948889401,1013.756203,88.01,7,5,SE
2013-10-06 02:02:41,8.0,4,14.824292674,1021.039571,10.9,1,1,NW
2011-11-19 13:24:20,191.0,-4,-2.605806228,1024.653578,8.87,5,13,NE
2010-08-26 10:54:33,266.0,2,12.498274709,1015.299956,5.81,1,10,NW
2011-07-29 20:35:31,53.0,-21,-4.533437876,1025.387218,74.1,1,4,NW
2013-12-30 05:17:36,22.0,-3,21.576456881,1017.05535,42.55,1,4,cv
2013-02-23 04:28:31,49.0,12,11.71302913,1014.240844,25.64,6,2,NW
2014-11-18 16:27:55,5.0,-2,12.539946867,1017.643886,72.81,2,3,NW
2013-06-09 08:50:24,11.0,-11,4.285750607,1030.680778,3.43,5,2,NW
2010-11-28 15:59:38,115.0,18,30.863211483,1000.06287105,96.56899999999992,2,4,SE
2011-04-27 03:00:31,128.0,-3,-0.624792347,1016.156988,1.03,2,3,NW
2011-09-18 09:56:09,480.0,-19,-6.6063598763,1033.18530255,0.9,13,5,SE
2010-03-24 05:06:14,111.0,18,25.210188017,1001.611611,24.7,1,1,NW
2011-09-17 12:27:47,201.0,24,24.861130143,1000.06287105,23.44,16,14,SE
2010-08-26 03:28:40,12.0,5,20.748444653,1005.205241,2.93,5,14,NW
2013-11-14 05:42:58,40.0,-4,15.754995087,1009.781455,29.34,5,1,NW
2011-07-07 06:23:18,113.0,-16,2.507711096,1017.940988,1.18,2,5,NW
2011-08-31 00:36:58,26.0,-7,7.681262577,1011.438088,23.53,1,9,NW
2013-12-14 15:19:22,94.0,5,9.256963541,1023.182549,81.39,1,6,NW
2010-06-28 02:40:55,67.0,7,13.210509878,1015.075999,96.56899999999992,2,5,SE
2011-09-27 10:54:10,105.0,15,10.400703233,1006.609826,0.97,2,9,cv
2014-03-02 12:44:10,8.0,-3,6.173464723,1022.283244,2.42,1,5,cv
2014-02-05 20:24:50,9.0,-10,3.444187712,1022.255109,12.59,1,6,cv
2011-10-31 06:50:26,55.0,9,19.712603788,1015.078423,33.04,2,6,SE
2010-06-01 17:43:59,40.0,-14,9.41259501,1018.884828,28.77,8,3,SE
2010-12-09 23:03:50,182.0,9,10.552070352,1012.324095,32.8,4,9,cv
2012-10-06 17:20:16,21.0,-9,11.816745318,1011.015422,1.36,3,10,NW
2010-10-05 15:18:16,19.0,2,17.639393362,1015.90259,26.49,10,1,NE
2014-10-14 10:05:24,17.0,-7,18.081951424,1019.21715,80.2,4,3,NW
2011-04-10 12:26:43,17.0,-22,3.702478655,1018.263435,24.18,2,5,NW
2011-09-05 10:11:36,22.0,-6,11.320620446,1013.423251,5.33,3,2,SE
2014-08-16 13:44:51,251.0,7,21.294205572,1010.15538,2.51,1,9,SE
2013-06-26 12:55:39,120.0,3,3.806335222,1020.736339,0.9,17,1,NW
2012-08-29 07:15:26,108.0,-10,11.309189468,1011.959314,13.89,2,4,NE
2012-04-30 09:34:17,43.0,-8,6.344298583,1029.946615,2.29,2,1,NW
2010-08-12 12:53:57,2.0,-9,-3.300007699,1026.913586,38.67,17,2,cv
2012-08-30 02:42:57,59.0,24,20.156264527,1015.730083,0.9,12,1,cv
2014-12-08 02:33:19,267.0,20,16.021190087,1010.476188,1.06,1,8,SE
2013-02-11 05:55:59,84.0,14,13.968331134,1015.136909,1.68,9,3,NW
2010-11-10 20:56:33,180.0,16,25.020289551,1002.035664,0.9,1,4,NE
2011-10-02 12:15:32,187.0,19,23.584891428,1003.916996,3.34,7,5,SE
2010-04-25 03:54:04,82.0,-10,8.921860611,1026.461221,9.93,6,1,SE
2011-02-08 02:05:44,96.0,16,30.559230813,1006.27668,32.28,10,14,SE
2013-01-19 08:16:40,67.0,20,31.064578431,1000.06287105,7.68,3,11,cv
2013-09-04 23:27:22,215.0,9,18.406357662,1008.984697,4.95,4,2,SE
2010-04-01 19:10:48,137.0,14,17.073568528,1009.124033,5.24,1,6,cv
2014-01-04 13:01:53,49.0,8,15.455354132,1016.319904,44.32,3,14,SE
2013-06-18 03:23:46,100.0,-10,2.979312328,1023.417198,0.91,1,5,NW
2012-03-29 12:13:03,43.0,3,14.453543206,1011.016359,21.53,1,6,SE
2011-04-19 21:47:05,24.0,5,28.145233728,1004.517411,15.47,15,2,NW
2014-04-16 02:19:37,123.0,9,17.682355988,1013.856915,7.92,17,2,cv
2011-03-31 00:25:08,131.0,24,31.312194395449996,1000.06287105,35.23,11,4,SE
2012-04-15 05:35:32,3.0,-22,3.602917497,1018.513312,96.56899999999992,1,6,cv
2012-06-15 05:13:03,100.0,14,14.974400922,1013.289723,1.81,4,7,cv
2014-04-10 17:57:05,13.0,-11,13.398560645,1022.141455,61.88,7,1,cv
2011-12-15 01:03:59,15.0,-4,11.627875556,1013.446435,47.2,1,13,NW
2010-12-24 19:18:56,94.0,-7,1.364920133,1022.889329,4.85,17,4,NW
2013-07-17 19:42:18,24.0,-3,19.841325716,1025.594842,37.5,1,4,NE
2012-11-09 07:04:49,177.0,13,23.495502545,1004.36165,1.85,1,0,SE
2014-08-25 01:04:06,656.0,14,-3.242829104,1016.865584,0.91,1,8,SE
2012-03-18 08:01:13,118.0,1,-0.133507437,1020.447709,5.42,7,1,SE
2010-02-17 19:26:42,229.0,24,31.312194395449996,1000.06287105,0.99,4,6,NW
2013-05-27 19:57:40,31.0,-15,-2.656684834,1029.136737,1.95,1,1,NW
2011-04-05 21:10:42,83.0,16,29.498788046,1000.06287105,0.9,4,9,cv
2014-06-14 01:08:58,36.0,-2,-1.81718032,1024.652301,0.9,9,3,NE
2013-11-28 23:06:24,11.0,21,31.312194395449996,1005.746278,24.82,1,7,cv
2012-10-20 15:38:01,50.0,11,10.159265916,1019.39239,2.32,2,3,NW
2011-02-01 16:03:28,137.0,-18,-4.285764865,1029.018025,17.85,6,1,cv
2010-10-18 17:24:30,71.0,-7,-0.309107113,1022.967018,17.74,10,2,SE
2013-11-18 14:24:31,54.0,24,31.312194395449996,1004.345051,3.25,4,13,NW
2010-12-07 19:36:52,27.0,2,4.247456778,1014.747267,3.96,3,0,NE
2014-05-01 09:20:20,18.0,-4,16.895686562,1020.36823,19.28,6,3,SE
2011-10-27 10:41:19,170.0,13,11.112430948,1017.877031,5.18,12,5,SE
2014-10-26 02:12:15,49.0,2,21.420744421,1021.530187,13.53,3,3,SE
2013-02-08 21:38:20,118.0,5,2.393737635,1022.820099,23.95,10,9,NW
2013-08-21 09:19:03,230.0,20,30.97875668,1003.049325,21.06,2,6,cv
2014-08-19 03:20:51,185.0,11,12.305381835,1011.451969,62.72,3,9,SE
